23002,<b>,3,5,2,3,2,1,<e>,<b>,3,2,3,2,1,<e>,<b>,3,2,3,2,5,2,1,<e>,<b>,3,2,3,2,1,<e>,<b>,3,2,3,2,1,<e>,<b>,955,<e>,<b>,955,<e>,<e>
23002,<b>,2,1,3,2,2,2,1,<e>,<b>,3,2,3,2,5,5,2,1,<e>,,,,,,,,,,,,,,,,,,,,,,,,,,,,,,,,,,,,,,,,,,,,,,,,,,,,,,,,,,,,,,,,,,,,,,,,,,,,,,,,,,,,,,,,,,,,,,,,,,,,,,,,,,,,,,,,,,,,,,,,,,,,,,,,,,,,,,,,,,,,,,,,,,,,,,,,,,,,<b>,955,<e>,<b>,955,<e>,<b>,955,<e>,<b>,955,<e>,<b>,955,<e>,<e>
23003,<b>,3,1,<e>,<b>,955,<e>,<b>,955,<e>,<b>,3,1,<e>,<b>,955,<e>,<b>,2,2,1,<e>,<b>,2,1,<e>,<e>
23003,<b>,2,1,<e>,<b>,955,<e>,<b>,955,<e>,<b>,955,<e>,<b>,955,<e>,<b>,955,<e>,<b>,955,<e>,<e>
23003,<b>,2,1,<e>,<b>,955,<e>,<b>,955,<e>,<b>,955,<e>,<b>,955,<e>,<b>,955,<e>,<b>,2,1,<e>,<e>
23003,<b>,3,1,<e>,<b>,955,<e>,<b>,955,<e>,<b>,2,1,<e>,,,,,,,,,,,,,,,,,,,,,,,,,,,,,,,,,,,,,,,,,,,,,,,,,,,,,,,,,,,,,,,,,,,,,,,,,,,,,,,,,,,,,,,,,,,,,,,,,,,,,,,,,,,,,,,,,,,,,,,,,,,,,,,,,,,,,,,,,,,,,,,,,,,,,,,,,,,,,,,,,,,,,,,,,,,,,,,,<b>,955,<e>,<b>,955,<e>,<b>,955,<e>,<e>
23005,<b>,3,4,4,4,1,2,1,<e>,<b>,3,4,1,<e>,<b>,3,4,4,1,<e>,<b>,3,4,2,1,<e>,<b>,3,4,1,<e>,<b>,3,4,1,<e>,<b>,5,1,5,1,<e>,<e>
23005,<b>,3,4,4,1,5,1,<e>,<b>,3,4,1,<e>,<b>,3,4,1,<e>,<b>,3,4,4,4,1,<e>,<b>,3,4,1,<e>,<b>,3,4,4,1,<e>,<b>,3,4,1,<e>,<e>
23005,<b>,3,4,2,1,<e>,<b>,3,4,2,1,<e>,<b>,3,2,1,<e>,<b>,3,4,1,<e>,<b>,3,4,1,2,1,<e>,<b>,955,<e>,<b>,955,<e>,<e>
23005,<b>,3,4,2,1,<e>,<b>,4,4,4,1,<e>,<b>,2,1,2,2,2,1,2,1,<e>,<b>,4,3,4,1,<e>,<b>,3,4,1.0,<e>,<b>,3,4,1,<e>,<b>,3.0,4.0,1,2,1,<e>,,,,,,,,,,,,,,,,,,,,,,,,,,,,,,,,,,,,,,,,,,,,,,,,,,,,,,,,<e>
23010,<b>,3,5,1,<e>,<b>,955,<e>,<b>,3,1,<e>,<b>,3,5,1,<e>,<b>,955,<e>,<b>,955,<e>,<b>,5,1,<e>,<e>
23010,<b>,3,5,1,<e>,<b>,5,1,<e>,<b>,5,1,<e>,<b>,3,5,1,<e>,<b>,955,<e>,<b>,955,<e>,<b>,955,<e>,<e>
23010,<b>,2,1,<e>,<b>,2,1,<e>,<b>,955,<e>,<b>,3,5,1,<e>,<b>,955,<e>,<b>,3,5,1,<e>,<b>,955,<e>,<e>
23010,<b>,3,5,1,<e>,<b>,955,<e>,<b>,3,5,1,<e>,<b>,955,<e>,<b>,955,<e>,<b>,5,1,<e>,<b>,3,5,1,<e>,,,,,,,,,,,,,,,,,,,,,,,,,,,,,,,,,,,,,,,,,,,,,,,,,,,,,,,,,,,,,,,,,,,,,,,,,,,,,,,,,,,,,,,,,,,,,,,,,,,,,,,,,,,,,,,,,,,,,,,,,,,,,,,,,,,,,,,,,,,,<e>
23014,<b>,3,1,<e>,<b>,3,1,<e>,<b>,4,1,<e>,<b>,3,1,<e>,<b>,955,<e>,<b>,2,1,2,1,<e>,<b>,955,<e>,<e>
23014,<b>,3,2,1,<e>,<b>,3,2,1,<e>,<b>,955,<e>,<b>,955,<e>,<b>,955,<e>,<b>,955,<e>,<b>,955,<e>,<e>
23014,<b>,2,1,<e>,<b>,2,1,<e>,<b>,955,<e>,<b>,955,<e>,<b>,955,<e>,<b>,3,1,<e>,<b>,955,<e>,<e>
23014,<b>,3,2,1,<e>,<b>,3,2,1,<e>,,,,,,,,,,,,,,,,,,,,,,,,,,,,,,,,,,,,,,,,,,,,,,,,,,,,,,,,,,,,,,,,,,,,,,,,,,,,,,,,,,,,,,,,,,,,,,,,,,,,,,,,,,,,,,,,,,,,,,,,,,,,,,,,,,,,,,,,,,,,,,,,,,,,,,,,,,,,,,,<b>,955,<e>,<b>,955,<e>,<b>,955,<e>,<b>,955,<e>,<b>,955,<e>,<e>
23023,<b>,2,1,<e>,<b>,3,4,3,1,<e>,<b>,3,1,<e>,<b>,3,2,1,<e>,<b>,3,3,2,1,<e>,<b>,3,1,<e>,<b>,955,<e>,<e>
23023,<b>,5,2,1,<e>,<b>,3,2,1,<e>,<b>,3,1,<e>,<b>,3,1,<e>,<b>,3,1,2,1,<e>,<b>,3,1,<e>,<b>,2,1,<e>,<e>
23023,<b>,3,4,2,2,1,<e>,<b>,2,2,1,<e>,<b>,2,1,<e>,<b>,3,1,<e>,<b>,3,1,<e>,<b>,955,<e>,<b>,955,<e>,<e>
23023,<b>,3,2,1,<e>,<b>,3,4,1,<e>,<b>,3,1,<e>,<b>,3,4,1,2,1,<e>,<b>,3,2,1,<e>,<b>,2,1,2,1,<e>,,,,,,,,,,,,,,,,,,,,,,,,,,,,,,,,,,,,,,,,,,,,,,,,,,,,,,,,,,,,,,,,,,,,,,,,,,,,,,,,,,,,,,,,,,,,,,,,<b>,955,<e>,<e>
23024,<b>,3,1,<e>,<b>,4,4,1,<e>,<b>,3,1,<e>,<b>,4,3,1,<e>,<b>,4,1,4,2,2,1,<e>,<b>,2,1,<e>,<b>,955,<e>,<e>
23024,<b>,3,1,<e>,<b>,4,4,1,<e>,<b>,3,1,3,1,<e>,<b>,4,1,<e>,<b>,955,<e>,<b>,955,<e>,<b>,955,<e>,<e>
23024,<b>,2,1,<e>,<b>,2,1,<e>,<b>,955,<e>,<b>,3,4,1,4,1,<e>,<b>,4,1,<e>,<b>,3,1,<e>,<b>,4,3,1,<e>,<e>
23024,<b>,3,1,<e>,<b>,5,3,1,<e>,<b>,4,5,1,<e>,<b>,4,3,1,<e>,<b>,955,<e>,<b>,955,<e>,<b>,4,4,3,1,<e>,,,,,,,,,,,,,,,,,,,,,,,,,,,,,,,,,,,,,,,,,,,,,,,,,,,,,,,,,,,,,,,,,,,,,,,,,,,,,,,,,,,,,,,,,,,,,,,,,,,,,,,,,,,,,,,<e>
23027,<b>,3,3,2,1,<e>,<b>,3,1,1,1,<e>,<b>,955,<e>,<b>,3,3,3,1,<e>,<b>,3,3,1,<e>,<b>,3,1,1,<e>,<b>,955,<e>,<e>
23027,<b>,3,3,3,1,1,<e>,<b>,2,1,<e>,<b>,955,<e>,<b>,3,3,1,<e>,<b>,3,2,1,<e>,<b>,3,1,<e>,<b>,5,2,1,5,2,1,<e>,<e>
23027,<b>,3,1,<e>,<b>,2,2,1,<e>,<b>,955,<e>,<b>,3,1,<e>,<b>,5,1,<e>,<b>,955,<e>,<b>,3,1,<e>,<e>
23027,<b>,3,1,<e>,<b>,955,<e>,<b>,3,1,<e>,<b>,3,1,<e>,<b>,4,2,1,<e>,,,,,,,,,,,,,,,,,,,,,,,,,,,,,,,,,,,,,,,,,,,,,,,,,,,,,,,,,,,,,,,,,,,,,,,,,,,,,,,,,,,,,,,,,,,,,,,,,,,,,,,,,,,,,,,,,,<b>,955,<e>,<b>,955,<e>,<e>
23034,<b>,5,2,1,<e>,<b>,5,1,5,2,1,5,1,<e>,<b>,2,1,<e>,<b>,2,1,5,1,<e>,<b>,2,1,5,1,<e>,<b>,5,2,1,<e>,<b>,5,1,5,1,<e>,<e>
23034,<b>,2,1,5,1,<e>,<b>,5,1,<e>,<b>,5,1,<e>,<b>,955,<e>,<b>,955,<e>,<b>,955,<e>,<b>,955,<e>,<e>
23034,<b>,2,1,<e>,<b>,5,1,2,1,<e>,<b>,955,<e>,<b>,955,<e>,<b>,955,<e>,<b>,955,<e>,<b>,955,<e>,<e>
23034,<b>,2,2,1,<e>,<b>,2,2,1,<e>,,,,,,,,,,,,,,,,,,,,,,,,,,,,,,,,,,,,,,,,,,,,,,,,,,,,,,,,,,,,,,,,,,,,,,,,,,,,,,,,,,,,,,,,,,,,,,,,,,,,,,,,,,,,,,,,,,,,,,,,,,,,,,,,,,,,,,,,,,<b>,955,<e>,<b>,955,<e>,<b>,955,<e>,<b>,955,<e>,<b>,955,<e>,<e>
23036,<b>,3,1,<e>,<b>,955,<e>,<b>,3,1,<e>,<b>,3,1,<e>,<b>,955,<e>,<b>,955,<e>,<b>,955,<e>,<e>
23036,<b>,3,1,<e>,<b>,3,1,<e>,<b>,3,1,<e>,<b>,3,1,<e>,<b>,3,1,<e>,<b>,955,<e>,<b>,955,<e>,<e>
23036,<b>,3,1,<e>,<b>,3,1,<e>,<b>,3,1,<e>,<b>,3,1,<e>,,,,,,,,,,,,,,,,,,,,,,,,,,,,,,,,,,,,,,,,,,,,,,,,,,,,,,,,,,,,,,,,,,,,,,,,,,,,,,,,,,,,,,,,,,,,,,,,,,,,,,,,,,,,,,,,,,,,,,,,,,,,,,,,,,,,,,,,,,,,,,,,,,,,,,,,,,,,,,,,,,,,,<b>,955,<e>,<b>,955,<e>,<b>,955,<e>,<e>
23037,<b>,3,1,<e>,<b>,955,<e>,<b>,955,<e>,<b>,955,<e>,<b>,955,<e>,<b>,955,<e>,<b>,955,<e>,<e>
23037,<b>,5,1,<e>,<b>,3,1,<e>,,,,,,,,,,,,,,,,,,,,,,,,,,,,,,,,,,,,,,,,,,,,,,,,,,,,,,,,,,,,,,,,,,,,,,,,,,,,,,,,,,,,,,,,,,,,,,,,,,,,,,,,,,,,,,,,,,,,,,,,,,,,,,,,,,,,,,,,,,,,,,,,,,,,,,,,,,,,,,,,,,,,,,,,,,,,,,,,,,,,,,,,,,,,,,,,,,,,,,,,,<b>,955,<e>,<b>,955,<e>,<b>,955,<e>,<b>,955,<e>,<b>,955,<e>,<e>
23040,<b>,3,1,<e>,<b>,3,1,<e>,<b>,3,1,<e>,<b>,3,1,<e>,<b>,2,1,<e>,<b>,2,1,<e>,<b>,2,1,2,1,<e>,<e>
23040,<b>,3,1,<e>,<b>,3,3,1,<e>,<b>,3,1,<e>,<b>,3,1,<e>,<b>,955,<e>,<b>,3,1,<e>,<b>,955,<e>,<e>
23040,<b>,3,1,<e>,<b>,2,1,<e>,<b>,955,<e>,<b>,3,1,<e>,<b>,3,1,<e>,<b>,3,1,<e>,<b>,955,<e>,<e>
23040,<b>,3,1,<e>,<b>,3,1,<e>,<b>,3,1,<e>,<b>,2,2,1,<e>,<b>,3,1,<e>,,,,,,,,,,,,,,,,,,,,,,,,,,,,,,,,,,,,,,,,,,,,,,,,,,,,,,,,,,,,,,,,,,,,,,,,,,,,,,,,,,,,,,,,,,,,,,,,,,,,,,,,,,,,,,,,,,,,,,,,,<b>,955,<e>,<b>,955,<e>,<e>
23042,<b>,2,1,2,1,<e>,<b>,2,1,<e>,<b>,955,<e>,<b>,955,<e>,<b>,955,<e>,<b>,2,1,<e>,<b>,2,1,<e>,<e>
23042,<b>,2,1,<e>,<b>,3,2,1,<e>,<b>,3,2,1,<e>,<b>,955,<e>,<b>,2,1,2,1,<e>,<b>,2,2,1,<e>,<b>,2,1,<e>,<e>
23042,<b>,2,1,<e>,<b>,2,2,1,<e>,<b>,2,1,<e>,<b>,3,4,3,2,1,<e>,<b>,3,1,<e>,<b>,955,<e>,<b>,2,1,<e>,<e>
23042,<b>,2,3,1,<e>,<b>,2,1,<e>,<b>,2,1,<e>,<b>,2,1,<e>,<b>,2,2,1,<e>,<b>,2,1,<e>,<b>,2,1,<e>,,,,,,,,,,,,,,,,,,,,,,,,,,,,,,,,,,,,,,,,,,,,,,,,,,,,,,,,,,,,,,,,,,,,,,,,,,,,,,,,,,,,,,,,,,,,,,,,,,,,,,,,,,,,<e>
23044,<b>,5,1,5,1,<e>,<b>,2,1,<e>,<b>,955,<e>,<b>,3,1,<e>,<b>,955,<e>,<b>,2,1,2,1,<e>,<b>,2,1,<e>,<e>
23044,<b>,3,2,1,<e>,<b>,955,<e>,<b>,3,2,1,<e>,<b>,955,<e>,<b>,3,1,<e>,<b>,2,5,1,<e>,,,,,,,,,,,,,,,,,,,,,,,,,,,,,,,,,,,,,,,,,,,,,,,,,,,,,,,,,,,,,,,,,,,,,,,,,,,,,,,,,,,,,,,,,,,,,,,,,,,,,,,,,,,,,,,,,,,,,,,,,,,,,,,,,,,,,,,,,,,,,,,,,,,,,,,,,,,,,,,,,,,,,,,,,,<b>,955,<e>,<e>
23045,<b>,3,1,<e>,<b>,2,1,<e>,<b>,2,1,<e>,<b>,5,1,<e>,<b>,2,1,<e>,<b>,2,1,<e>,<b>,2,1,<e>,<e>
23045,<b>,2,1,<e>,<b>,2,1,<e>,<b>,2,1,<e>,<b>,2,1,<e>,<b>,2,1,<e>,<b>,955,<e>,<b>,955,<e>,<e>
23045,<b>,5,1,<e>,<b>,955,<e>,<b>,955,<e>,<b>,955,<e>,<b>,2,1,<e>,<b>,5,1,<e>,<b>,5,1,<e>,<e>
23045,<b>,5,1,<e>,<b>,955,<e>,<b>,2,1,<e>,<b>,5,1,<e>,,,,,,,,,,,,,,,,,,,,,,,,,,,,,,,,,,,,,,,,,,,,,,,,,,,,,,,,,,,,,,,,,,,,,,,,,,,,,,,,,,,,,,,,,,,,,,,,,,,,,,,,,,,,,,,,,,,,,,,,,,,,,,,,,,,,,,,,,<b>,955,<e>,<b>,955,<e>,<b>,955,<e>,<e>
23047,<b>,3,4,1,<e>,<b>,955,<e>,<b>,3,1,<e>,<b>,3,1,<e>,<b>,3,1,<e>,<b>,955,<e>,<b>,3,1,<e>,<e>
23047,<b>,5,3,1,<e>,<b>,955,<e>,<b>,3,1,<e>,<b>,3,1,<e>,<b>,3,1,<e>,,,,,,,,,,,,,,,,,,,,,,,,,,,,,,,,,,,,,,,,,,,,,,,,,,,,,,,,,,,,,,,,,,,,,,,,,,,,,,,,,,,,,,,,,,,,,,,,,,,,,,,,,,,,,,,,,,,,,,,,,,,,,,,,,,,,,,,,,,,,,,,,,,,,,,,,,,,,,,,,,,,,,,,,,,,,,,,<b>,955,<e>,<b>,955,<e>,<e>
23058,<b>,2,1,<e>,<b>,5,2,5,1,<e>,<b>,5,2,5,2,1,<e>,<b>,2,2,1,2,1,<e>,<b>,2,2,5,2,2,1,<e>,<b>,2,1,<e>,<b>,955,<e>,<e>
23058,<b>,2,5,2,1,<e>,<b>,2,2,2,1,<e>,<b>,5,2,5,2,2,1,<e>,<b>,5,2,2,5,1,<e>,<b>,2,5,2,5,1,<e>,<b>,955,<e>,<b>,955,<e>,<e>
23058,<b>,2,1,<e>,<b>,2,5,2,1,<e>,<b>,955,<e>,<b>,955,<e>,<b>,2,1,<e>,<b>,5,2,1,<e>,<b>,955,<e>,<e>
23058,<b>,2,5,5,2,1,<e>,<b>,2,1,<e>,<b>,5,2,2,1,<e>,<b>,2,2,1,<e>,,,,,,,,,,,,,,,,,,,,,,,,,,,,,,,,,,,,,,,,,,,,,,,,,,,,,,,,,,,,,,,,,,,,,,,,,,,,,,,,,,,,,,,,,,,,,,,,,,,,,,<b>,955,<e>,<b>,955,<e>,<b>,955,<e>,<e>
23059,<b>,3,1,2,1,<e>,<b>,955,<e>,<b>,955,<e>,<b>,3,1,<e>,<b>,3,5,1,<e>,<b>,955,<e>,<b>,955,<e>,<e>
23059,<b>,3,1,<e>,<b>,3,1,<e>,<b>,3,1,<e>,<b>,4,1,<e>,<b>,955,<e>,<b>,2,1,<e>,<b>,955,<e>,<e>
23059,<b>,3,2,2,1,<e>,<b>,5,1,<e>,<b>,2,1,<e>,<b>,3,2,1,<e>,<b>,3,2,1,<e>,<b>,955,<e>,<b>,3,5,1,<e>,<e>
23059,<b>,5,3,1,<e>,<b>,3,5,3,2,1,2,5,1,<e>,<b>,3,2,1,<e>,<b>,3,1,<e>,<b>,2,1,3,1,<e>,<b>,5,2,1,<e>,,,,,,,,,,,,,,,,,,,,,,,,,,,,,,,,,,,,,,,,,,,,,,,,,,,,,,,,,,,,,,,,,,,,,,,,,,,,,,,,,,,,,,,,,,,,,,,,,,,,,,,,,,,,,,,,,,<b>,955,<e>,<e>
23060,<b>,3,1,5,1,<e>,<b>,3,1,<e>,<b>,3,1,<e>,<b>,3,1,<e>,<b>,3,1,<e>,<b>,2,1,<e>,,,,,,,,,,,,,,,,,,,,,,,,,,,,,,,,,,,,,,,,,,,,,,,,,,,,,,,,,,,,,,,,,,,,,,,,,,,,,,,,,,,,,,,,,,,,,,,,,,,,,,,,,,,,,,,,,,,,,,,,,,,,,,,,,,,,,,,,,,,,,,,,,,,,,,,,,,,,,,,,,,,,,,,,,,,,,,,,,,,,,,,,,,,<b>,955,<e>,<e>
23062,<b>,3,2,1,<e>,<b>,3,5,1,<e>,<b>,3,1,<e>,<b>,3,1,<e>,<b>,955,<e>,<b>,955,<e>,<b>,955,<e>,<e>
23062,<b>,3,1,<e>,<b>,3,5,1,<e>,<b>,3,1,<e>,<b>,955,<e>,<b>,3,5,1,<e>,<b>,955,<e>,<b>,955,<e>,<e>
23062,<b>,5,1,<e>,<b>,5,1,<e>,<b>,955,<e>,<b>,3,1,<e>,<b>,3,1,<e>,<b>,3,1,<e>,<b>,3,5,1,<e>,<e>
23062,<b>,3,5,1,<e>,<b>,955,<e>,<b>,3,1,<e>,<b>,5,1,<e>,<b>,955,<e>,<b>,955,<e>,<b>,3,1,<e>,,,,,,,,,,,,,,,,,,,,,,,,,,,,,,,,,,,,,,,,,,,,,,,,,,,,,,,,,,,,,,,,,,,,,,,,,,,,,,,,,,,,,,,,,,,,,,,,,,,,,,,,,,,,,,,,,,,,,,,,,,,,,,,,,,,,,,,<e>
23063,<b>,3,1,<e>,<b>,5,1,1,5,1,<e>,<b>,3,1,<e>,<b>,955,<e>,<b>,955,<e>,<b>,5,1,2,1,<e>,<b>,2,1,<e>,<e>
23063,<b>,5,2,2,1,<e>,<b>,2,1,<e>,<b>,955,<e>,<b>,955,<e>,<b>,955,<e>,<b>,955,<e>,<b>,955,<e>,<e>
23063,<b>,5,1,2,1,<e>,<b>,2,1,<e>,<b>,955,<e>,<b>,955,<e>,<b>,955,<e>,<b>,955,<e>,<b>,955,<e>,<e>
23063,<b>,5,2,1,<e>,<b>,955,<e>,<b>,955,<e>,<b>,955,<e>,<b>,2,2,1,<e>,,,,,,,,,,,,,,,,,,,,,,,,,,,,,,,,,,,,,,,,,,,,,,,,,,,,,,,,,,,,,,,,,,,,,,,,,,,,,,,,,,,,,,,,,,,,,,,,,,,,,,,,,,,,,,,,,,,,,,,,,,,,,,,,,,,,,,,,,,,,,,,,,,,,,,,,,,,,,,<b>,955,<e>,<b>,955,<e>,<e>
23064,<b>,3,2,3,1,<e>,<b>,3,1,<e>,<b>,3,1,<e>,<b>,4,2,3,2,1,<e>,<b>,3,4,1,<e>,<b>,3,2,3,2,1,<e>,<b>,3,2,3,1,<e>,<e>
23064,<b>,3,1,<e>,<b>,3,1,<e>,<b>,3,1,<e>,<b>,3,1,<e>,<b>,4,4,2,1,<e>,<b>,2,3,1,<e>,<b>,2,1,2,1,<e>,<e>
23064,<b>,2,2,3,2,1,<e>,<b>,3,2,3,2,1,<e>,<b>,3,2,3,2,1,<e>,<b>,3,1,<e>,<b>,3,1,<e>,<b>,3,1,<e>,<b>,3,1,<e>,<e>
23064,<b>,4,3,1,<e>,<b>,3,2,4,1,<e>,<b>,3,1,<e>,<b>,955,<e>,<b>,3,2,1,<e>,<b>,2,3,1,<e>,<b>,3,1,<e>,,,,,,,,,,,,,,,,,,,,,,,,,,,,,,,,,,,,,,,,,,,,,,,,,,,,,,,,,,,,,,,,,,,,,,,,,,,<e>
23069,<b>,2,1,<e>,<b>,2,1,<e>,<b>,2,5,2,1,<e>,<b>,2,2,1,<e>,<b>,2,1,<e>,<b>,2,1,<e>,<b>,2,2,1,<e>,<e>
23069,<b>,2,2,2,2,1,<e>,,,,,,,,,,,,,,,,,,,,,,,,,,,,,,,,,,,,,,,,,,,,,,,,,,,,,,,,,,,,,,,,,,,,,,,,,,,,,,,,,,,,,,,,,,,,,,,,,,,,,,,,,,,,,,,,,,,,,,,,,,,,,,,,,,,,,,,,,,,,,,,,,,,,,,,,,,,,,,,,,,,,,,,,,,,,,,<b>,955,<e>,<b>,955,<e>,<b>,955,<e>,<b>,955,<e>,<b>,955,<e>,<b>,955,<e>,<e>
23070,<b>,2,1,2,1,<e>,<b>,2,1,2,1,<e>,<b>,2,1,2,1,<e>,<b>,2,1,2,1,<e>,<b>,2,1,2,1,<e>,,,,,,,,,,,,,,,,,,,,,,,,,,,,,,,,,,,,,,,,,,,,,,,,,,,,,,,,,,,,,,,,,,,,,,,,,,,,,,,,,,,,,,,,,,,,,,,,,,,,,,,,,,,,,,,,,,,,,,,,,,,,,,,,,,,,,,,,,,,,,,,,,,,,,,,,,,,,,,,,,,,,,,,,,,,,,,,,,,,,,,,<b>,955,<e>,<b>,955,<e>,<e>
23071,<b>,2,1,<e>,<b>,5,2,1,<e>,<b>,5,2,1,<e>,<b>,5,2,1,<e>,<b>,5,2,1,<e>,<b>,955,<e>,<b>,955,<e>,<e>
23071,<b>,2,2,1,<e>,<b>,955,<e>,<b>,955,<e>,<b>,5,2,2,1,<e>,<b>,955,<e>,<b>,955,<e>,<b>,955,<e>,<e>
23071,<b>,5,2,1,<e>,<b>,2,2,2,1,<e>,<b>,955,<e>,<b>,955,<e>,<b>,955,<e>,<b>,955,<e>,<b>,955,<e>,<e>
23071,<b>,5,2,1,<e>,<b>,5,2,2,1,<e>,,,,,,,,,,,,,,,,,,,,,,,,,,,,,,,,,,,,,,,,,,,,,,,,,,,,,,,,,,,,,,,,,,,,,,,,,,,,,,,,,,,,,,,,,,,,,,,,,,,,,,,,,,,,,,,,,,,,,,,,,,,,,,,,,,,,,,,,,,,,,,,,,,,,,,,,,,,,<b>,955,<e>,<b>,955,<e>,<b>,955,<e>,<b>,955,<e>,<b>,955,<e>,<e>
23073,<b>,3,1,<e>,<b>,3,3,2,1,<e>,<b>,3,1,<e>,<b>,955,<e>,<b>,3,2,1,<e>,<b>,2,2,1,<e>,<b>,2,2,1,<e>,<e>
23073,<b>,3,1,<e>,<b>,3,1,<e>,<b>,955,<e>,<b>,955,<e>,<b>,3,1,<e>,<b>,955,<e>,<b>,955,<e>,<e>
23073,<b>,2,2,2,1,<e>,<b>,2,1,1,<e>,<b>,955,<e>,<b>,3,3,1,<e>,<b>,3,1,<e>,<b>,3,1,<e>,<b>,3,1,<e>,<e>
23073,<b>,3,1,<e>,<b>,3,1,<e>,<b>,3,2,1,<e>,<b>,3,1,<e>,,,,,,,,,,,,,,,,,,,,,,,,,,,,,,,,,,,,,,,,,,,,,,,,,,,,,,,,,,,,,,,,,,,,,,,,,,,,,,,,,,,,,,,,,,,,,,,,,,,,,,,,,,,,,,,,,,,,,,,,,,,,,,,<b>,955,<e>,<b>,955,<e>,<b>,955,<e>,<e>
23076,<b>,5,2,1,<e>,<b>,955,<e>,<b>,955,<e>,<b>,955,<e>,<b>,4,2,3,1,1,<e>,<b>,5,2,1,<e>,<b>,2,1,<e>,,,,,,,,,,,,,,,,,,,,,,,,,,,,,,,,,,,,,,,,,,,,,,,,,,,,,,,,,,,,,,,,,,,,,,,,,,,,,,,,,,,,,,,,,,,,,,,,,,,,,,,,,,,,,,,,,,,,,,,,,,,,,,,,,,,,,,,,,,,,,,,,,,,,,,,,,,,,,,,,,,,,,,,,,,,,,,,,,,,,,,,,,,,,,,,,<e>
23080,<b>,3,1,<e>,<b>,3,3,1,<e>,<b>,3,1,<e>,<b>,955,<e>,<b>,3,2,1,<e>,<b>,955,<e>,<b>,955,<e>,<e>
23080,<b>,3,1,<e>,<b>,3,1,<e>,<b>,3,5,1,<e>,<b>,955,<e>,<b>,3,1,<e>,<b>,955,<e>,<b>,955,<e>,<e>
23080,<b>,5,1,<e>,<b>,955,<e>,<b>,3,1,<e>,<b>,3,1,<e>,<b>,955,<e>,<b>,3,2,1,<e>,<b>,955,<e>,<e>
23080,<b>,3,1,<e>,<b>,955,<e>,<b>,3,1,<e>,<b>,955,<e>,<b>,955,<e>,<b>,3,1,<e>,,,,,,,,,,,,,,,,,,,,,,,,,,,,,,,,,,,,,,,,,,,,,,,,,,,,,,,,,,,,,,,,,,,,,,,,,,,,,,,,,,,,,,,,,,,,,,,,,,,,,,,,,,,,,,,,,,,,,,,,,,,,,,,,,,,,,,,,,,,,,,,,,,,,,<b>,955,<e>,<e>
23084,<b>,2,1,2,2,2,1,<e>,<b>,3,4,3,1,<e>,<b>,3,2,1,<e>,<b>,3,2,1,<e>,<b>,2,2,1,<e>,<b>,3,2,1,<e>,<b>,3,2,1,<e>,<e>
23084,<b>,3,2,2,1,<e>,<b>,3,2,1,<e>,<b>,2,2,2,1,<e>,<b>,4,3,2,1,<e>,<b>,2,1,2,2,2,1,<e>,<b>,3,2,1,<e>,<b>,3,2,2,1,<e>,<e>
23084,<b>,3,1,<e>,<b>,3,2,1,<e>,<b>,3,2,1,<e>,<b>,2,1,<e>,<b>,3,2,1,<e>,<b>,3,2,1,<e>,<b>,2,2,2,1,<e>,<e>
23084,<b>,3,2,1,<e>,<b>,2,1,<e>,<b>,3,2,1,<e>,<b>,3,2,2,1,<e>,<b>,2,2,2,1,<e>,<b>,3,2.0,1,<e>,,,,,,,,,,,,,,,,,,,,,,,,,,,,,,,,,,,,,,,,,,,,,,,,,,,,,,,,,,,,,,,,,,,<b>,955,<e>,<e>
23086,<b>,2,1,<e>,<b>,3,1,<e>,<b>,3,1,<e>,<b>,3,1,<e>,<b>,2,1,<e>,<b>,3,1,<e>,<b>,3,1,<e>,<e>
23086,<b>,4,1,<e>,<b>,3,1,<e>,<b>,955,<e>,<b>,955,<e>,<b>,955,<e>,<b>,955,<e>,<b>,955,<e>,<e>
23086,<b>,2,2,1,<e>,<b>,955,<e>,<b>,955,<e>,<b>,955,<e>,<b>,955,<e>,<b>,955,<e>,<b>,955,<e>,<e>
23086,<b>,2,1,<e>,,,,,,,,,,,,,,,,,,,,,,,,,,,,,,,,,,,,,,,,,,,,,,,,,,,,,,,,,,,,,,,,,,,,,,,,,,,,,,,,,,,,,,,,,,,,,,,,,,,,,,,,,,,,,,,,,,,,,,,,,,,,,,,,,,,,,,,,,,,,,,,,,,,,,,,,,,,,,,,,,,,,,,,,<b>,955,<e>,<b>,955,<e>,<b>,955,<e>,<b>,955,<e>,<b>,955,<e>,<b>,955,<e>,<e>
23091,<b>,3,1,<e>,<b>,3,5,1,<e>,<b>,3,1,2,1,<e>,<b>,3,1,<e>,<b>,3,1,2,1,5,1,<e>,<b>,955,<e>,<b>,2,1,<e>,<e>
23091,<b>,3,1,<e>,<b>,3,1,<e>,<b>,3,1,<e>,<b>,2,1,2,1,<e>,<b>,5,2,1,5,1,<e>,<b>,5,2,1,<e>,<b>,955,<e>,<e>
23091,<b>,2,2,1,<e>,<b>,2,1,<e>,<b>,955,<e>,<b>,3,2,1,<e>,<b>,3,1,<e>,<b>,5,3,1,<e>,<b>,955,<e>,<e>
23091,<b>,3,1,<e>,<b>,3,1,<e>,<b>,3,1,<e>,<b>,3,2,2,1,<e>,,,,,,,,,,,,,,,,,,,,,,,,,,,,,,,,,,,,,,,,,,,,,,,,,,,,,,,,,,,,,,,,,,,,,,,,,,,,,,,,,,,,,,,,,,,,,,,,,,,,,,,,,,,,,,,<b>,955,<e>,<b>,955,<e>,<b>,955,<e>,<e>
23092,<b>,3,1,<e>,<b>,3,1,<e>,<b>,955,<e>,<b>,3,2,1,<e>,<b>,3,1,<e>,<b>,955,<e>,<b>,955,<e>,<e>
23092,<b>,3,1,<e>,<b>,3,1,<e>,<b>,3,1,<e>,<b>,3,1,<e>,<b>,3,1,<e>,<b>,2,2,2,1,<e>,<b>,2,1,<e>,<e>
23092,<b>,2,1,<e>,<b>,2,1,<e>,<b>,955,<e>,<b>,955,<e>,<b>,955,<e>,<b>,955,<e>,<b>,955,<e>,<e>
23092,<b>,2,1,<e>,<b>,2,1,<e>,,,,,,,,,,,,,,,,,,,,,,,,,,,,,,,,,,,,,,,,,,,,,,,,,,,,,,,,,,,,,,,,,,,,,,,,,,,,,,,,,,,,,,,,,,,,,,,,,,,,,,,,,,,,,,,,,,,,,,,,,,,,,,,,,,,,,,,,,,,,,,,,,,,,,,<b>,955,<e>,<b>,955,<e>,<b>,955,<e>,<b>,955,<e>,<b>,955,<e>,<e>
23093,<b>,3,1,<e>,<b>,3,2,1,<e>,<b>,3,2,1,2,1,<e>,<b>,3,1,<e>,<b>,955,<e>,<b>,955,<e>,<b>,2,1,2,2,1,2,1,<e>,<e>
23093,<b>,3,2,1,<e>,<b>,3,1,<e>,<b>,3,2,1,<e>,<b>,3,2,5,1,<e>,<b>,3,3,2,1,<e>,<b>,2,2,1,2,1,<e>,<b>,955,<e>,<e>
23093,<b>,2,1,2,1,<e>,<b>,955,<e>,<b>,955,<e>,<b>,955,<e>,<b>,955,<e>,<b>,955,<e>,<b>,955,<e>,<e>
23093,<b>,3,4,3,2,5,1,<e>,<b>,955,<e>,<b>,955,<e>,<b>,2,1,2,1,<e>,,,,,,,,,,,,,,,,,,,,,,,,,,,,,,,,,,,,,,,,,,,,,,,,,,,,,,,,,,,,,,,,,,,,,,,,,,,,,,,,,,,,,,,,,,,,,,,,,,,,,,,,,,,,,,,,,,,,,,,,,,,,,,,,,,,<b>,955,<e>,<b>,955,<e>,<b>,955,<e>,<e>
23095,<b>,3,2,1,<e>,<b>,955,<e>,<b>,955,<e>,<b>,955,<e>,<b>,955,<e>,<b>,3,2,2,1,<e>,<b>,955,<e>,<e>
23095,<b>,2,1,<e>,<b>,955,<e>,<b>,955,<e>,<b>,2,1,<e>,<b>,955,<e>,<b>,955,<e>,<b>,955,<e>,<e>
23095,<b>,2,2,1,<e>,<b>,5,3,2,2,1,<e>,<b>,955,<e>,<b>,955,<e>,<b>,955,<e>,<b>,955,<e>,<b>,955,<e>,<e>
23095,<b>,2,2,1,<e>,,,,,,,,,,,,,,,,,,,,,,,,,,,,,,,,,,,,,,,,,,,,,,,,,,,,,,,,,,,,,,,,,,,,,,,,,,,,,,,,,,,,,,,,,,,,,,,,,,,,,,,,,,,,,,,,,,,,,,,,,,,,,,,,,,,,,,,,,,,,,,,,,,,,,,,,,,,,,,,,,,,,,,,,,,,,,,,,,<b>,955,<e>,<b>,955,<e>,<b>,955,<e>,<b>,955,<e>,<b>,955,<e>,<b>,955,<e>,<e>
23096,<b>,3,1,1,<e>,<b>,3,1,<e>,<b>,3,1,<e>,<b>,955,<e>,<b>,5,1,<e>,<b>,3,1,<e>,<b>,4,1,<e>,<e>
23096,<b>,3,1,<e>,<b>,955,<e>,<b>,3,1,<e>,<b>,3,1,<e>,<b>,3,1,<e>,<b>,955,<e>,<b>,955,<e>,<e>
23096,<b>,3,1,<e>,<b>,3,5,1,<e>,<b>,955,<e>,<b>,3,1,<e>,<b>,3,2,1,<e>,<b>,3,1,<e>,<b>,3,1,<e>,<e>
23096,<b>,3,1,<e>,<b>,3,1,<e>,<b>,955,<e>,<b>,955,<e>,<b>,3,1,<e>,<b>,955,<e>,<b>,3,1,<e>,,,,,,,,,,,,,,,,,,,,,,,,,,,,,,,,,,,,,,,,,,,,,,,,,,,,,,,,,,,,,,,,,,,,,,,,,,,,,,,,,,,,,,,,,,,,,,,,,,,,,,,,,,,,,,,,,,,,,,,,,,,,,,,,,,<e>
23099,<b>,3,4,5,1,<e>,<b>,3,1,<e>,<b>,3,1,<e>,<b>,955,<e>,<b>,3,2,4,1,<e>,<b>,5,2,1,<e>,<b>,955,<e>,<e>
23099,<b>,3,5,4,1,<e>,<b>,955,<e>,<b>,3,2,1,<e>,<b>,3,2,4,1,<e>,<b>,955,<e>,<b>,955,<e>,<b>,955,<e>,<e>
23099,<b>,5,2,2,1,<e>,<b>,2,2,2,1,<e>,<b>,955,<e>,<b>,955,<e>,<b>,955,<e>,<b>,955,<e>,<b>,955,<e>,<e>
23099,<b>,3,4,2,1,<e>,<b>,955,<e>,<b>,3,2,1,<e>,<b>,5,2,1,<e>,,,,,,,,,,,,,,,,,,,,,,,,,,,,,,,,,,,,,,,,,,,,,,,,,,,,,,,,,,,,,,,,,,,,,,,,,,,,,,,,,,,,,,,,,,,,,,,,,,,,,,,,,,,,,,,,,,,,,,,,,,,,,,,,,,,,,,,,,,,,,,,<b>,955,<e>,<b>,955,<e>,<b>,955,<e>,<e>
23103,<b>,3,1,<e>,<b>,2,1,<e>,<b>,3,4,2,1,<e>,<b>,3,1,2,1,<e>,<b>,3,1,<e>,<b>,5,1,<e>,<b>,955,<e>,<e>
23103,<b>,3,1,<e>,<b>,955,<e>,<b>,955,<e>,<b>,955,<e>,<b>,3,1,<e>,<b>,2,1,<e>,<b>,2,1,<e>,<e>
23103,<b>,2,1,<e>,<b>,2,1,<e>,<b>,955,<e>,<b>,955,<e>,<b>,955,<e>,<b>,955,<e>,<b>,3,1,<e>,<e>
23103,<b>,3,1,<e>,<b>,955,<e>,<b>,955,<e>,<b>,955,<e>,<b>,5,2,1,<e>,<b>,2,1,<e>,,,,,,,,,,,,,,,,,,,,,,,,,,,,,,,,,,,,,,,,,,,,,,,,,,,,,,,,,,,,,,,,,,,,,,,,,,,,,,,,,,,,,,,,,,,,,,,,,,,,,,,,,,,,,,,,,,,,,,,,,,,,,,,,,,,,,,,,,,,,,,,,<b>,955,<e>,<e>
23105,<b>,3,1,<e>,<b>,3,1,<e>,<b>,3,1,<e>,<b>,3,1,<e>,<b>,3,1,<e>,<b>,955,<e>,<b>,955,<e>,<e>
23105,<b>,3,1,<e>,<b>,3,1,<e>,<b>,3,1,<e>,<b>,3,1,<e>,<b>,3,1,<e>,<b>,955,<e>,<b>,955,<e>,<e>
23105,<b>,5,1,<e>,<b>,955,<e>,<b>,3,1,<e>,<b>,3,2,3,1,<e>,<b>,3,1,<e>,<b>,3,1,2,1,<e>,<b>,955,<e>,<e>
23105,<b>,3,1,<e>,<b>,3,2,3,1,<e>,<b>,3,4,2,1,2,1,<e>,<b>,3,1,<e>,<b>,955,<e>,<b>,955,<e>,<b>,3,1,<e>,,,,,,,,,,,,,,,,,,,,,,,,,,,,,,,,,,,,,,,,,,,,,,,,,,,,,,,,,,,,,,,,,,,,,,,,,,,,,,,,,,,,,,,,,,,,,,,,,,,,,,,,,,,,,,,,,,,,,,,,,,,<e>
23107,<b>,3,3,2,3,1,<e>,<b>,3,3,1,1,<e>,<b>,3,2,3,2,3,1,<e>,<b>,3,2,1,<e>,<b>,3,2,3,2,3,1,<e>,<b>,955,<e>,<b>,955,<e>,<e>
23107,<b>,3,2,3,2,1,<e>,<b>,3,2,3,1,<e>,<b>,3,2,3,1,<e>,<b>,3,2,3,1,<e>,<b>,3,2,2,1,<e>,<b>,955,<e>,<b>,2,1,<e>,<e>
23107,<b>,5,5,2,5,2,2,1,<e>,<b>,2,1,<e>,<b>,955,<e>,<b>,3,3,2,3,2,3,1,1,<e>,<b>,3,3,2,3,2,3,1,1,<e>,<b>,3,3,2,3,2,3,1,1,<e>,<b>,3,2,3,2,3,1,<e>,<e>
23107,<b>,3,2,3,1,1,<e>,<b>,3,2,3,2,3,1,<e>,<b>,3,2,3,1.0,1.0,<e>,<b>,3.0,2,3,1,<e>,<b>,5,2,1.0,<e>,<b>,5,2,2.0,1.0,<e>,<b>,3,2,3,1,<e>,,,,,,,,,,,,,,,,,,,,,,,,,,,,,,,,,,,,,,,,,,,,,,,,<e>
23108,<b>,4,1,2,1,<e>,<b>,5,1,<e>,<b>,4,3,2,2,1,<e>,<b>,4,5,1,<e>,<b>,3,2,2,1,<e>,<b>,2,2,1,<e>,<b>,955,<e>,<e>
23108,<b>,3,2,1,<e>,<b>,3,5,2,1,<e>,<b>,4,2,2,1,<e>,<b>,4,3,1,<e>,<b>,5,2,1,<e>,<b>,5,2,2,1,<e>,<b>,955,<e>,<e>
23108,<b>,2,2,2,1,<e>,<b>,2,2,2,2,2,2,1,<e>,<b>,2,1,<e>,<b>,3,1,<e>,<b>,3,2,1,<e>,<b>,3,2,2,1,<e>,<b>,3,1,<e>,<e>
23108,<b>,3,1,<e>,<b>,5,3,1,<e>,<b>,3,1,<e>,<b>,3,2,1,<e>,<b>,3,2,2,1,<e>,<b>,2,2,1,2,1,<e>,<b>,5,2,2,1,<e>,,,,,,,,,,,,,,,,,,,,,,,,,,,,,,,,,,,,,,,,,,,,,,,,,,,,,,,,,,,,,,,,,,,,,,,,<e>
23113,<b>,3,1,<e>,<b>,3,1,<e>,<b>,3,1,<e>,<b>,3,1,<e>,<b>,3,1,<e>,<b>,3,1,<e>,<b>,3,1,<e>,<e>
23113,<b>,5,3,1,<e>,<b>,3,1,<e>,<b>,3,1,<e>,<b>,3,1,<e>,<b>,3,1,<e>,<b>,3,1,<e>,<b>,3,1,<e>,<e>
23113,<b>,3,2,1,<e>,<b>,3,2,1,<e>,<b>,3,5,2,1,<e>,<b>,955,<e>,<b>,955,<e>,<b>,3,1,<e>,<b>,2,3,1,<e>,<e>
23113,<b>,3,5,1,<e>,<b>,3,1,<e>,<b>,3,1,<e>,<b>,3,5,1,<e>,<b>,4,1,<e>,<b>,4,1,<e>,,,,,,,,,,,,,,,,,,,,,,,,,,,,,,,,,,,,,,,,,,,,,,,,,,,,,,,,,,,,,,,,,,,,,,,,,,,,,,,,,,,,,,,,,,,,,,,,,,,,,,,,,<b>,955,<e>,<e>
23114,<b>,2,3,2,3,2,1,<e>,<b>,2,3,2,2,1,<e>,<b>,955,<e>,<b>,2,1,<e>,<b>,955,<e>,<b>,2,2,1,<e>,<b>,955,<e>,<e>
23114,<b>,3,2,2,1,<e>,<b>,955,<e>,<b>,955,<e>,<b>,955,<e>,<b>,955,<e>,<b>,2,1,<e>,<b>,955,<e>,<e>
23114,<b>,2,2,2,2,1,<e>,<b>,955,<e>,<b>,955,<e>,<b>,955,<e>,<b>,955,<e>,<b>,955,<e>,<b>,955,<e>,<e>
23114,<b>,2,2,1,<e>,<b>,2,1,<e>,,,,,,,,,,,,,,,,,,,,,,,,,,,,,,,,,,,,,,,,,,,,,,,,,,,,,,,,,,,,,,,,,,,,,,,,,,,,,,,,,,,,,,,,,,,,,,,,,,,,,,,,,,,,,,,,,,,,,,,,,,,,,,,,,,,,,,,,,,,,,,,,,,,,,,,,,,,,,,,,,,,<b>,955,<e>,<b>,955,<e>,<b>,955,<e>,<b>,955,<e>,<b>,955,<e>,<e>
23122,<b>,3,4,1,1,<e>,<b>,3,3,4,3,1,<e>,<b>,955,<e>,<b>,955,<e>,<b>,5,1,<e>,<b>,955,<e>,<b>,955,<e>,<e>
23122,<b>,3,3,1,<e>,<b>,955,<e>,<b>,5,1,<e>,<b>,955,<e>,<b>,3,4,3,1,<e>,<b>,3,1,<e>,<b>,955,<e>,<e>
23122,<b>,5,4,3,4,3,2,1,1,<e>,<b>,3,3,2,3,1,<e>,<b>,3,3,2,4,3,1,<e>,<b>,955,<e>,<b>,955,<e>,<b>,955,<e>,<b>,5,1,<e>,<e>
23122,<b>,3,4,3,1,<e>,<b>,3,2,1,<e>,<b>,3,4,3,1,<e>,<b>,3,2,1,<e>,<b>,5,1,<e>,,,,,,,,,,,,,,,,,,,,,,,,,,,,,,,,,,,,,,,,,,,,,,,,,,,,,,,,,,,,,,,,,,,,,,,,,,,,,,,,,,,,,,,,,,,,,,,,,,,,,,,,,,,,,,,,,,,,,,,,,,<b>,955,<e>,<b>,955,<e>,<e>
23123,<b>,3,1,<e>,<b>,3,1,<e>,<b>,3,1,<e>,<b>,3,1,<e>,<b>,3,5,1,<e>,<b>,5,1,<e>,<b>,955,<e>,<e>
23123,<b>,3,1,<e>,<b>,3,1,<e>,<b>,3,1,<e>,<b>,2,1,<e>,<b>,2,1,<e>,,,,,,,,,,,,,,,,,,,,,,,,,,,,,,,,,,,,,,,,,,,,,,,,,,,,,,,,,,,,,,,,,,,,,,,,,,,,,,,,,,,,,,,,,,,,,,,,,,,,,,,,,,,,,,,,,,,,,,,,,,,,,,,,,,,,,,,,,,,,,,,,,,,,,,,,,,,,,,,,,,,,,,,,<b>,955,<e>,<b>,955,<e>,<e>
23126,<b>,3,1,<e>,<b>,3,2,3,1,<e>,<b>,955,<e>,<b>,3,1,<e>,<b>,3,1,<e>,<b>,955,<e>,<b>,5,1,<e>,<e>
23126,<b>,3,1,<e>,<b>,3,1,<e>,<b>,955,<e>,<b>,955,<e>,<b>,3,1,<e>,<b>,2,1,<e>,<b>,955,<e>,<e>
23126,<b>,5,1,<e>,<b>,5,1,<e>,<b>,955,<e>,<b>,3,5,1,<e>,<b>,3,2,1,<e>,<b>,3,2,1,<e>,<b>,955,<e>,<e>
23126,<b>,3,1,<e>,<b>,955,<e>,<b>,3,1,<e>,<b>,3,5,1,<e>,<b>,955,<e>,<b>,2,1,<e>,<b>,3,1,<e>,,,,,,,,,,,,,,,,,,,,,,,,,,,,,,,,,,,,,,,,,,,,,,,,,,,,,,,,,,,,,,,,,,,,,,,,,,,,,,,,,,,,,,,,,,,,,,,,,,,,,,,,,,,,,,,,,,,,,,,,,,,,,,,,,,,<e>
23128,<b>,3,2,1,<e>,<b>,3,2,1,<e>,<b>,3,2,1,<e>,<b>,3,2,1,<e>,<b>,3,1,3,1,<e>,<b>,5,1,2,1,<e>,<b>,2,1,2,1,2,1,<e>,<e>
23128,<b>,3,2,3,1,<e>,<b>,3,2,3,1,<e>,<b>,3,2,3,2,1,<e>,<b>,3,1,5,1,<e>,<b>,5,1,5,2,1,<e>,<b>,2,1,<e>,,,,,,,,,,,,,,,,,,,,,,,,,,,,,,,,,,,,,,,,,,,,,,,,,,,,,,,,,,,,,,,,,,,,,,,,,,,,,,,,,,,,,,,,,,,,,,,,,,,,,,,,,,,,,,,,,,,,,,,,,,,,,,,,,,,,,,,,,<b>,955,<e>,<e>
23129,<b>,2,1,<e>,<b>,2,1,5,1,<e>,<b>,5,2,2,1,5,1,5,1,<e>,<b>,3,1,<e>,<b>,955,<e>,<b>,2,1,<e>,<b>,955,<e>,<e>
23129,<b>,2,1,<e>,<b>,2,5,1,<e>,<b>,3,1,1,<e>,<b>,2,2,2,2,2,1,<e>,<b>,955,<e>,<b>,2,2,1,<e>,<b>,955,<e>,<e>
23129,<b>,2,1,<e>,<b>,2,1,<e>,<b>,3,1,<e>,<b>,955,<e>,<b>,2,2,1,<e>,<b>,2,1,<e>,<b>,955,<e>,<e>
23129,<b>,3,1,<e>,<b>,955,<e>,<b>,955,<e>,<b>,2,1,<e>,<b>,2,1,<e>,<b>,5,2,1,<e>,,,,,,,,,,,,,,,,,,,,,,,,,,,,,,,,,,,,,,,,,,,,,,,,,,,,,,,,,,,,,,,,,,,,,,,,,,,,,,,,,,,,,,,,,,,,,,,,,,,,,,,,,,,,,,,,,,,,,,,,<b>,955,<e>,<e>
23132,<b>,3,1,<e>,<b>,3,3,1,<e>,<b>,3,3,3,1,<e>,<b>,3,3,1,<e>,<b>,3,1,<e>,<b>,2,1,<e>,<b>,955,<e>,<e>
23132,<b>,3,3,1,<e>,<b>,5,3,1,<e>,<b>,3,1,<e>,<b>,3,1,<e>,<b>,955,<e>,<b>,955,<e>,<b>,955,<e>,<e>
23132,<b>,3,3,1,<e>,<b>,3,1,<e>,<b>,955,<e>,<b>,955,<e>,<b>,955,<e>,<b>,955,<e>,<b>,955,<e>,<e>
23132,<b>,3,1,<e>,<b>,3,3,3,1,<e>,<b>,3,3,3,1,<e>,<b>,3,3,3,3,3,1,<e>,<b>,955,<e>,<b>,3,3,3,1,<e>,,,,,,,,,,,,,,,,,,,,,,,,,,,,,,,,,,,,,,,,,,,,,,,,,,,,,,,,,,,,,,,,,,,,,,,,,,,,,,,,,,,,,,,,,,,,,,,,,,,,,,,,,,,,,,,,,,,,,,,,,,,,,,,,<b>,955,<e>,<e>
23133,<b>,5,1,2,1,<e>,<b>,2,1,<e>,<b>,5,1,<e>,<b>,2,1,<e>,<b>,955,<e>,<b>,955,<e>,<b>,5,1,<e>,<e>
23133,<b>,2,1,<e>,<b>,2,1,<e>,<b>,2,1,<e>,<b>,2,1,<e>,<b>,955,<e>,<b>,955,<e>,<b>,955,<e>,<e>
23133,<b>,5,1,<e>,<b>,5,1,<e>,<b>,955,<e>,<b>,4,1,<e>,<b>,4,1,<e>,<b>,2,1,<e>,<b>,955,<e>,<e>
23133,<b>,5,1,<e>,<b>,2,1,<e>,,,,,,,,,,,,,,,,,,,,,,,,,,,,,,,,,,,,,,,,,,,,,,,,,,,,,,,,,,,,,,,,,,,,,,,,,,,,,,,,,,,,,,,,,,,,,,,,,,,,,,,,,,,,,,,,,,,,,,,,,,,,,,,,,,,,,,,,,,,,,,,,,,,<b>,955,<e>,<b>,955,<e>,<b>,955,<e>,<b>,955,<e>,<b>,955,<e>,<e>
23134,<b>,5,2,1,<e>,<b>,2,1,<e>,<b>,5,2,1,<e>,<b>,955,<e>,<b>,5,2,5,1,<e>,<b>,2,1,<e>,<b>,5,2,1,<e>,<e>
23134,<b>,2,2,1,<e>,<b>,5,2,1,<e>,<b>,955,<e>,<b>,5,2,2,1,<e>,<b>,955,<e>,<b>,2,1,<e>,<b>,955,<e>,<e>
23134,<b>,2,2,1,<e>,<b>,2,1,<e>,<b>,955,<e>,<b>,955,<e>,<b>,5,2,1,<e>,<b>,955,<e>,<b>,5,2,1,<e>,<e>
23134,<b>,2,2,1,<e>,<b>,5,2,1,<e>,<b>,2,1,<e>,<b>,955,<e>,<b>,955,<e>,<b>,2,1,<e>,,,,,,,,,,,,,,,,,,,,,,,,,,,,,,,,,,,,,,,,,,,,,,,,,,,,,,,,,,,,,,,,,,,,,,,,,,,,,,,,,,,,,,,,,,,,,,,,,,,,,,,,,,,,,,,,,,,,,,,,,,,,,,,<b>,955,<e>,<e>
23138,<b>,2,1,2,1,<e>,<b>,2,1,<e>,<b>,955,<e>,<b>,2,1,2,1,5,1,<e>,<b>,2,1,5,1,5,1,<e>,<b>,955,<e>,<b>,5,1,<e>,<e>
23138,<b>,2,1,5,1,<e>,<b>,2,1,5,1,<e>,<b>,2,1,<e>,<b>,2,1,5,1,<e>,<b>,2,1,2,1,5,5,1,<e>,<b>,955,<e>,<b>,2,1,<e>,<e>
23138,<b>,5,2,1,<e>,<b>,5,2,1,<e>,<b>,5,1,5,1,<e>,<b>,2,1,5,1,5,1,<e>,<b>,2,1,2,1,5,2,1,5,1,<e>,<b>,2,1,5,2,1,5,1,<e>,<b>,2,1,5,1,<e>,<e>
23138,<b>,2,1,<e>,<b>,2,1,<e>,<b>,2,1,5,1,2,1,<e>,<b>,2,1,<e>,<b>,2,1,<e>,<b>,2,1,2,2.0,1,<e>,,,,,,,,,,,,,,,,,,,,,,,,,,,,,,,,,,,,,,,,,,,,,,,,,,,,,,,,,,,,,,,,,,,<b>,955,<e>,<e>
23140,<b>,3,2,3,1,<e>,<b>,3,1,<e>,<b>,3,2,3,1,<e>,<b>,955,<e>,<b>,955,<e>,<b>,2,2,1,<e>,<b>,3,1,<e>,<e>
23140,<b>,3,1,<e>,<b>,955,<e>,<b>,955,<e>,<b>,955,<e>,<b>,955,<e>,<b>,955,<e>,<b>,2,2,2,1,<e>,<e>
23140,<b>,2,2,2,1,<e>,<b>,2,2,2,5,1,<e>,<b>,955,<e>,<b>,3,1,<e>,<b>,955,<e>,<b>,955,<e>,<b>,955,<e>,<e>
23140,<b>,3,2,2,1,<e>,<b>,5,2,2,1,<e>,,,,,,,,,,,,,,,,,,,,,,,,,,,,,,,,,,,,,,,,,,,,,,,,,,,,,,,,,,,,,,,,,,,,,,,,,,,,,,,,,,,,,,,,,,,,,,,,,,,,,,,,,,,,,,,,,,,,,,,,,,,,,,,,,,,,,,,,,,,,,,,,,,,,,<b>,955,<e>,<b>,955,<e>,<b>,955,<e>,<b>,955,<e>,<b>,955,<e>,<e>
23141,<b>,3,1,<e>,<b>,3,2,1,<e>,<b>,3,1,<e>,<b>,3,1,<e>,<b>,3,1,<e>,<b>,2,1,<e>,<b>,955,<e>,<e>
23141,<b>,3,1,<e>,<b>,3,1,1,<e>,<b>,3,1,<e>,<b>,3,5,1,<e>,<b>,3,1,<e>,<b>,955,<e>,<b>,5,1,2,1,<e>,<e>
23141,<b>,5,1,5,1,<e>,<b>,2,1,<e>,<b>,2,1,<e>,<b>,3,1,<e>,<b>,3,1,<e>,<b>,2,1,5,1,<e>,<b>,3,2,1,<e>,<e>
23141,<b>,3,2,5,5,1,<e>,<b>,3,2,1,<e>,<b>,3,1,<e>,<b>,3,1,<e>,<b>,955,<e>,<b>,2,1,<e>,<b>,3,2,1,<e>,,,,,,,,,,,,,,,,,,,,,,,,,,,,,,,,,,,,,,,,,,,,,,,,,,,,,,,,,,,,,,,,,,,,,,,,,,,,,,,,,,,,,,,,,,,,,,,,,,<e>
23143,<b>,2,5,1,5,1,<e>,<b>,2,5,1,2,1,<e>,<b>,2,1,5,1,<e>,<b>,2,2,5,1,<e>,<b>,2,1,5,2,1,<e>,<b>,2,2,1,<e>,<b>,5,1,<e>,<e>
23143,<b>,2,1,2,1,<e>,<b>,2,5,1,<e>,<b>,2,5,1,5,1,<e>,<b>,2,1,5,1,<e>,<b>,2,1,2,1,<e>,<b>,2,5,1,<e>,<b>,2,1,5,1,<e>,<e>
23143,<b>,2,5,1,2,2,1,<e>,<b>,2,5,1,5,1,<e>,<b>,955,<e>,<b>,955,<e>,<b>,955,<e>,<b>,955,<e>,<b>,2,1,2,1,<e>,<e>
23143,<b>,2,1,5,1,<e>,<b>,955,<e>,<b>,955,<e>,<b>,2,5,1,2,2,1,<e>,,,,,,,,,,,,,,,,,,,,,,,,,,,,,,,,,,,,,,,,,,,,,,,,,,,,,,,,,,,,,,,,,,,,,,,,,,,,,,,,,,,,,,,,,,,,,,,<b>,955,<e>,<b>,955,<e>,<b>,955,<e>,<e>
23144,<b>,3,1,<e>,<b>,955,<e>,<b>,955,<e>,<b>,3,1,<e>,<b>,3,1,<e>,<b>,3,1,<e>,<b>,955,<e>,<e>
23144,<b>,3,1,<e>,<b>,955,<e>,<b>,3,1,<e>,<b>,3,1,<e>,<b>,3,1,<e>,<b>,955,<e>,<b>,955,<e>,<e>
23144,<b>,3,1,<e>,<b>,2,1,<e>,<b>,3,1,<e>,<b>,955,<e>,<b>,3,1,<e>,<b>,955,<e>,<b>,955,<e>,<e>
23144,<b>,3,1,<e>,,,,,,,,,,,,,,,,,,,,,,,,,,,,,,,,,,,,,,,,,,,,,,,,,,,,,,,,,,,,,,,,,,,,,,,,,,,,,,,,,,,,,,,,,,,,,,,,,,,,,,,,,,,,,,,,,,,,,,,,,,,,,,,,,,,,,,,,,,,,,,,,,,,,,,,,,,,,,,,,,<b>,955,<e>,<b>,955,<e>,<b>,955,<e>,<b>,955,<e>,<b>,955,<e>,<b>,955,<e>,<e>
23147,<b>,3,1,<e>,<b>,3,1,<e>,<b>,3,1,<e>,<b>,3,2,1,<e>,<b>,3,2,1,<e>,<b>,2,1,<e>,<b>,2,2,2,1,<e>,<e>
23147,<b>,2,3,1,<e>,<b>,2,3,1,<e>,<b>,3,1,<e>,<b>,3,1,<e>,<b>,955,<e>,<b>,955,<e>,<b>,2,1,<e>,<e>
23147,<b>,2,2,2,1,<e>,<b>,2,1,<e>,<b>,955,<e>,<b>,3,1,<e>,<b>,3,1,<e>,<b>,3,1,<e>,<b>,3,2,1,<e>,<e>
23147,<b>,3,1,<e>,<b>,3,1,<e>,<b>,3,1,<e>,<b>,955,<e>,<b>,955,<e>,<b>,3,1,<e>,,,,,,,,,,,,,,,,,,,,,,,,,,,,,,,,,,,,,,,,,,,,,,,,,,,,,,,,,,,,,,,,,,,,,,,,,,,,,,,,,,,,,,,,,,,,,,,,,,,,,,,,,,,,,,,,,,,,<b>,955,<e>,<e>
23148,<b>,3,1,<e>,<b>,3,1,<e>,<b>,3,1,<e>,<b>,3,2,3,1,<e>,<b>,3,1,<e>,<b>,2,3,1,<e>,<b>,3,1,<e>,<e>
23148,<b>,3,1,<e>,<b>,5,3,1,<e>,<b>,3,1,<e>,<b>,3,1,<e>,<b>,3,1,<e>,<b>,2,1,<e>,<b>,2,2,1,<e>,<e>
23148,<b>,3,1,<e>,<b>,3,3,2,1,<e>,<b>,2,1,<e>,<b>,3,1,<e>,<b>,3,1,<e>,<b>,955,<e>,<b>,3,1,<e>,<e>
23148,<b>,3,1,<e>,<b>,3,1,<e>,<b>,3,1,<e>,<b>,3,1,<e>,<b>,5,2,1,<e>,<b>,2,1,<e>,<b>,3,1,<e>,,,,,,,,,,,,,,,,,,,,,,,,,,,,,,,,,,,,,,,,,,,,,,,,,,,,,,,,,,,,,,,,,,,,,,,,,,,,,,,,,,,,,,,,,,,,,,,,,<e>
23155,<b>,3,1,<e>,<b>,3,1,<e>,<b>,955,<e>,<b>,2,1,<e>,<b>,3,1,<e>,<b>,3,2,3,1,<e>,<b>,3,5,1,<e>,<e>
23155,<b>,3,1,<e>,<b>,4,5,1,<e>,<b>,3,2,1,<e>,<b>,955,<e>,<b>,3,3,1,<e>,<b>,3,1,<e>,<b>,3,1,<e>,<e>
23155,<b>,3,1,<e>,<b>,3,2,1,<e>,<b>,3,3,1,<e>,<b>,955,<e>,<b>,3,1,<e>,<b>,955,<e>,<b>,955,<e>,<e>
23155,<b>,3,1,<e>,<b>,3,2,1,<e>,<b>,955,<e>,<b>,3,1,<e>,<b>,3,1,<e>,,,,,,,,,,,,,,,,,,,,,,,,,,,,,,,,,,,,,,,,,,,,,,,,,,,,,,,,,,,,,,,,,,,,,,,,,,,,,,,,,,,,,,,,,,,,,,,,,,,,,,,,,,,,,,,,,,,,,,,,,,,,<b>,955,<e>,<b>,955,<e>,<e>
23156,<b>,3,1,2,1,<e>,<b>,3,5,1,<e>,<b>,3,5,2,1,<e>,<b>,3,1,2,1,<e>,<b>,3,5,1,<e>,<b>,3,5,1,<e>,<b>,955,<e>,<e>
23156,<b>,3,5,1,<e>,<b>,3,5,1,<e>,<b>,3,1,<e>,<b>,3,1,<e>,<b>,3,5,1,<e>,<b>,5,2,1,<e>,<b>,955,<e>,<e>
23156,<b>,5,2,1,<e>,<b>,5,2,1,<e>,<b>,955,<e>,<b>,3,1,<e>,<b>,5,1,<e>,<b>,3,5,2,1,<e>,<b>,3,1,<e>,<e>
23156,<b>,3,5,1,<e>,<b>,3,5,1,<e>,<b>,3,1,<e>,<b>,3,1,<e>,<b>,3,2,1,<e>,<b>,955,<e>,<b>,3,1,<e>,,,,,,,,,,,,,,,,,,,,,,,,,,,,,,,,,,,,,,,,,,,,,,,,,,,,,,,,,,,,,,,,,,,,,,,,,,,,,,,,,,,,,,,,,,,,,,,,,<e>
23158,<b>,3,1,<e>,<b>,3,1,<e>,<b>,3,1,<e>,<b>,3,1,<e>,<b>,3,1,<e>,<b>,5,5,1,<e>,<b>,955,<e>,<e>
23158,<b>,3,2,1,<e>,<b>,3,2,1,<e>,<b>,3,1,<e>,<b>,5,1,5,1,<e>,<b>,2,1,<e>,<b>,955,<e>,<b>,955,<e>,<e>
23158,<b>,5,3,2,2,1,<e>,<b>,2,1,<e>,<b>,955,<e>,<b>,955,<e>,<b>,955,<e>,<b>,955,<e>,<b>,955,<e>,<e>
23158,<b>,3,1,<e>,<b>,955,<e>,<b>,3,1,<e>,<b>,3,1,<e>,<b>,5,2,1,<e>,<b>,2,1,<e>,<b>,3,2,3,1,<e>,,,,,,,,,,,,,,,,,,,,,,,,,,,,,,,,,,,,,,,,,,,,,,,,,,,,,,,,,,,,,,,,,,,,,,,,,,,,,,,,,,,,,,,,,,,,,,,,,,,,,,,,,,,,,,,,,,,,,,,,,,,,,,<e>
23162,<b>,3,1,<e>,<b>,3,1,<e>,<b>,955,<e>,<b>,3,1,<e>,<b>,3,2,1,<e>,<b>,955,<e>,<b>,955,<e>,<e>
23162,<b>,3,2,1,<e>,<b>,3,1,<e>,<b>,3,1,<e>,<b>,955,<e>,<b>,3,1,<e>,<b>,955,<e>,<b>,955,<e>,<e>
23162,<b>,3,2,1,<e>,<b>,2,1,<e>,<b>,955,<e>,<b>,3,1,<e>,<b>,3,2,1,<e>,<b>,3,1,<e>,<b>,955,<e>,<e>
23162,<b>,3,1,<e>,<b>,3,1,<e>,<b>,4,1,<e>,<b>,955,<e>,<b>,955,<e>,<b>,955,<e>,<b>,3,1,<e>,,,,,,,,,,,,,,,,,,,,,,,,,,,,,,,,,,,,,,,,,,,,,,,,,,,,,,,,,,,,,,,,,,,,,,,,,,,,,,,,,,,,,,,,,,,,,,,,,,,,,,,,,,,,,,,,,,,,,,,,,,,,,,,,,,,,,,,,,,,,,<e>
23163,<b>,2,1,<e>,<b>,5,5,2,1,<e>,<b>,955,<e>,<b>,2,1,<e>,<b>,955,<e>,<b>,955,<e>,<b>,2,1,<e>,<e>
23163,<b>,5,2,2,1,<e>,<b>,955,<e>,<b>,2,1,<e>,<b>,5,2,1,<e>,<b>,955,<e>,<b>,5,1,<e>,<b>,955,<e>,<e>
23163,<b>,2,1,<e>,<b>,2,1,<e>,<b>,955,<e>,<b>,955,<e>,<b>,955,<e>,<b>,955,<e>,<b>,955,<e>,<e>
23163,<b>,2,1,<e>,<b>,5,2,1,<e>,,,,,,,,,,,,,,,,,,,,,,,,,,,,,,,,,,,,,,,,,,,,,,,,,,,,,,,,,,,,,,,,,,,,,,,,,,,,,,,,,,,,,,,,,,,,,,,,,,,,,,,,,,,,,,,,,,,,,,,,,,,,,,,,,,,,,,,,,,,,,,,,,,,,,,,,,,,,,,,<b>,955,<e>,<b>,955,<e>,<b>,955,<e>,<b>,955,<e>,<b>,955,<e>,<e>
23168,<b>,3,2,1,<e>,,,,,,,,,,,,,,,,,,,,,,,,,,,,,,,,,,,,,,,,,,,,,,,,,,,,,,,,,,,,,,,,,,,,,,,,,,,,,,,,,,,,,,,,,,,,,,,,,,,,,,,,,,,,,,,,,,,,,,,,,,,,,,,,,,,,,,,,,,,,,,,,,,,,,,,,,,,,,,,,,,,,,,,,,,,,,,,,,,,,,,,,,,,,,,,,,,,,,,,,,,,,,,,,<b>,955,<e>,<b>,955,<e>,<b>,955,<e>,<b>,955,<e>,<b>,955,<e>,<b>,955,<e>,<e>
23169,<b>,2,2,2,2,2,1,<e>,<b>,3,1,<e>,<b>,3,1,<e>,<b>,955,<e>,<b>,3,2,1,<e>,<b>,2,1,<e>,<b>,2,2,1,<e>,<e>
23169,<b>,3,2,1,<e>,<b>,3,2,1,<e>,<b>,3,1,<e>,<b>,5,2,5,2,1,<e>,<b>,3,2,1,<e>,<b>,2,2,1,<e>,<b>,2,2,1,<e>,<e>
23169,<b>,2,2,1,<e>,<b>,2,2,1,<e>,<b>,2,2,1,<e>,<b>,3,2,2,1,<e>,<b>,3,1,<e>,<b>,955,<e>,<b>,3,2,1,<e>,<e>
23169,<b>,3,2,1,<e>,<b>,3,2,2,2,2,1,<e>,<b>,2,1,<e>,<b>,3,2,1,<e>,<b>,2,1,<e>,<b>,2,1,<e>,<b>,3,2,2,1,<e>,,,,,,,,,,,,,,,,,,,,,,,,,,,,,,,,,,,,,,,,,,,,,,,,,,,,,,,,,,,,,,,,,,,,,,,,,,,,,,,,,<e>
23171,<b>,3,2,3,2,5,1,<e>,<b>,3,2,3,5,1,<e>,<b>,3,2,3,2,5,1,<e>,<b>,3,2,3,2,5,1,<e>,<b>,3,2,3,2,5,2,1,<e>,<b>,2,2,2,2,1,<e>,<b>,2,2,2,1,<e>,<e>
23171,<b>,3,2,3,2,1,<e>,<b>,3,2,3,2,2,1,<e>,<b>,3,2,3,2,1,<e>,<b>,3,2,3,4,2,1,1,<e>,<b>,4,4,4,5,4,2,1,<e>,<b>,955,<e>,<b>,5,2,2,2,5,1,<e>,<e>
23171,<b>,2,2,2,2,2,2,2,2,2,1,<e>,<b>,2,2,2,2,1,<e>,<b>,2,1,<e>,<b>,3,2,3,2,1,<e>,<b>,3,2,3,4,4,2,2,1,<e>,<b>,3,2.0,3.0,2,1,<e>,<b>,4,4,2.0,3,2,1.0,<e>,<e>
23171,<b>,3,2,3,2.0,2.0,1,<e>,<b>,3.0,2,3,2.0,1.0,<e>,<b>,3,2,3,2.0,1.0,<e>,<b>,3.0,3,2,1,<e>,<b>,2.0,2.0,2.0,2.0,1.0,<e>,<b>,2.0,2.0,2.0,1.0,<e>,<b>,3.0,2.0,3.0,2.0,1.0,<e>,,,,,,,,,<e>
23173,<b>,3,1,<e>,<b>,955,<e>,<b>,955,<e>,<b>,2,1,<e>,,,,,,,,,,,,,,,,,,,,,,,,,,,,,,,,,,,,,,,,,,,,,,,,,,,,,,,,,,,,,,,,,,,,,,,,,,,,,,,,,,,,,,,,,,,,,,,,,,,,,,,,,,,,,,,,,,,,,,,,,,,,,,,,,,,,,,,,,,,,,,,,,,,,,,,,,,,,,,,,,,,,,,,,,,,,,,,,,,,,,,,,,,,,,,,,,,,,,,,,,,,,,<b>,955,<e>,<b>,955,<e>,<b>,955,<e>,<e>
23176,<b>,3,1,<e>,<b>,3,2,1,<e>,<b>,3,1,<e>,<b>,3,1,<e>,<b>,3,2,1,2,1,<e>,<b>,5,1,<e>,<b>,4,2,1,<e>,<e>
23176,<b>,3,1,<e>,<b>,955,<e>,<b>,955,<e>,<b>,3,2,1,1,<e>,<b>,955,<e>,<b>,955,<e>,<b>,955,<e>,<e>
23176,<b>,5,2,1,<e>,<b>,2,1,<e>,<b>,955,<e>,<b>,955,<e>,<b>,955,<e>,<b>,955,<e>,<b>,955,<e>,<e>
23176,<b>,2,2,1,<e>,<b>,955,<e>,<b>,3,2,1,2,1,<e>,,,,,,,,,,,,,,,,,,,,,,,,,,,,,,,,,,,,,,,,,,,,,,,,,,,,,,,,,,,,,,,,,,,,,,,,,,,,,,,,,,,,,,,,,,,,,,,,,,,,,,,,,,,,,,,,,,,,,,,,,,,,,,,,,,,,,,,,,,,,,,,,,,,,,<b>,955,<e>,<b>,955,<e>,<b>,955,<e>,<b>,955,<e>,<e>
23177,<b>,3,5,1,<e>,<b>,3,1,<e>,<b>,3,5,1,<e>,<b>,5,1,2,5,1,<e>,<b>,3,1,<e>,<b>,3,1,5,2,1,<e>,<b>,955,<e>,<e>
23177,<b>,3,2,1,2,1,<e>,<b>,3,1,<e>,<b>,3,1,<e>,<b>,3,5,1,<e>,<b>,5,1,5,1,<e>,<b>,3,2,1,<e>,<b>,3,1,2,5,1,<e>,<e>
23177,<b>,3,5,1,<e>,<b>,3,5,1,<e>,<b>,3,1,<e>,<b>,3,1,<e>,<b>,5,2,1,<e>,<b>,3,1,<e>,<b>,3,1,<e>,<e>
23177,<b>,3,1,<e>,<b>,3,1,<e>,<b>,3,5,1,<e>,<b>,5,1,<e>,<b>,3,1,<e>,<b>,3,1,<e>,<b>,3,1,<e>,,,,,,,,,,,,,,,,,,,,,,,,,,,,,,,,,,,,,,,,,,,,,,,,,,,,,,,,,,,,,,,,,,,,,,,,,,,,,,,,,,,<e>
23179,<b>,3,1,<e>,<b>,3,1,<e>,<b>,4,3,1,<e>,<b>,3,1,<e>,<b>,4,3,1,<e>,<b>,955,<e>,<b>,955,<e>,<e>
23179,<b>,3,1,<e>,<b>,3,1,<e>,<b>,4,3,1,<e>,<b>,3,1,<e>,<b>,4,3,1,<e>,<b>,5,4,1,<e>,<b>,955,<e>,<e>
23179,<b>,5,2,1,4,1,<e>,<b>,2,1,<e>,<b>,2,1,<e>,<b>,3,1,<e>,<b>,4,3,1,<e>,<b>,3,1,<e>,<b>,4,3,1,<e>,<e>
23179,<b>,3,1,<e>,<b>,4,3,1,<e>,<b>,3,1,<e>,<b>,4,3,1,<e>,<b>,4,1,<e>,<b>,5,2,1,<e>,<b>,4,3,1,<e>,,,,,,,,,,,,,,,,,,,,,,,,,,,,,,,,,,,,,,,,,,,,,,,,,,,,,,,,,,,,,,,,,,,,,,,,,,,,,,,,,,,,,,,,,,,,,,,,,,,<e>
23180,<b>,3,1,<e>,<b>,2,1,<e>,<b>,3,1,<e>,<b>,3,1,<e>,<b>,3,1,<e>,<b>,955,<e>,<b>,955,<e>,<e>
23180,<b>,3,1,<e>,<b>,5,3,1,<e>,<b>,3,1,<e>,<b>,3,1,<e>,<b>,955,<e>,<b>,955,<e>,<b>,955,<e>,<e>
23180,<b>,3,1,<e>,<b>,2,1,<e>,<b>,955,<e>,<b>,3,1,<e>,<b>,3,1,<e>,<b>,3,1,<e>,<b>,3,1,<e>,<e>
23180,<b>,3,1,<e>,<b>,3,1,<e>,<b>,3,1,<e>,<b>,955,<e>,<b>,2,1,<e>,<b>,955,<e>,<b>,3,1,<e>,,,,,,,,,,,,,,,,,,,,,,,,,,,,,,,,,,,,,,,,,,,,,,,,,,,,,,,,,,,,,,,,,,,,,,,,,,,,,,,,,,,,,,,,,,,,,,,,,,,,,,,,,,,,,,,,,,,,,,,,,,,,,,,,,,,,<e>
23182,<b>,2,1,<e>,<b>,2,1,<e>,<b>,955,<e>,<b>,955,<e>,<b>,4,1,<e>,<b>,955,<e>,<b>,955,<e>,<e>
23182,<b>,3,1,<e>,<b>,3,1,<e>,<b>,955,<e>,<b>,3,4,1,<e>,<b>,955,<e>,<b>,5,5,1,<e>,<b>,955,<e>,<e>
23182,<b>,5,1,<e>,<b>,2,1,<e>,<b>,955,<e>,<b>,3,2,2,1,<e>,<b>,955,<e>,<b>,3,1,<e>,<b>,3,1,<e>,<e>
23182,<b>,3,1,<e>,<b>,955,<e>,<b>,955,<e>,<b>,955,<e>,<b>,5,1,<e>,,,,,,,,,,,,,,,,,,,,,,,,,,,,,,,,,,,,,,,,,,,,,,,,,,,,,,,,,,,,,,,,,,,,,,,,,,,,,,,,,,,,,,,,,,,,,,,,,,,,,,,,,,,,,,,,,,,,,,,,,,,,,,,,,,,,,,,,,,,,,,,,,,,,,,,,,<b>,955,<e>,<b>,955,<e>,<e>
23184,<b>,3,1,<e>,<b>,3,1,<e>,<b>,3,1,<e>,<b>,2,1,2,1,2,1,<e>,<b>,3,1,<e>,<b>,3,1,<e>,<b>,3,1,<e>,<e>
23184,<b>,3,1,<e>,<b>,2,1,2,1,<e>,<b>,3,1,<e>,<b>,5,5,2,5,1,<e>,<b>,3,1,<e>,<b>,3,1,<e>,<b>,3,1,<e>,<e>
23184,<b>,2,3,1,<e>,<b>,3,1,2,3,1,<e>,<b>,3,1,<e>,<b>,3,1,<e>,<b>,2,1,5,1,<e>,<b>,3,1,<e>,<b>,2,1,2,2,1,2,1,<e>,<e>
23184,<b>,3,1,<e>,<b>,3,1,<e>,<b>,3,1,<e>,<b>,2,1,2,2,1,<e>,<b>,955,<e>,<b>,3,1,<e>,<b>,3,1,<e>,,,,,,,,,,,,,,,,,,,,,,,,,,,,,,,,,,,,,,,,,,,,,,,,,,,,,,,,,,,,,,,,,,,,,,,,,,,,,,,,,,<e>
23189,<b>,3,1,<e>,<b>,3,1,<e>,<b>,3,1,<e>,<b>,2,1,<e>,<b>,3,2,1,<e>,<b>,5,5,2,2,1,5,1,<e>,<b>,2,2,2,1,5,1,<e>,<e>
23189,<b>,2,2,5,1,<e>,<b>,2,2,1,<e>,<b>,955,<e>,<b>,955,<e>,<b>,955,<e>,<b>,955,<e>,<b>,955,<e>,<e>
23189,<b>,5,2,2,2,2,1,<e>,<b>,2,2,1,<e>,<b>,955,<e>,<b>,955,<e>,<b>,955,<e>,<b>,955,<e>,<b>,955,<e>,<e>
23189,<b>,2,5,2,2,1,<e>,<b>,955,<e>,<b>,955,<e>,<b>,955,<e>,<b>,955,<e>,<b>,2,2,5,2,1,<e>,,,,,,,,,,,,,,,,,,,,,,,,,,,,,,,,,,,,,,,,,,,,,,,,,,,,,,,,,,,,,,,,,,,,,,,,,,,,,,,,,,,,,,,,,,,,,,,,,,,,,,,,,,,,,,,,,,,,,,,,,,,,,,,,,,,,,,,,,<b>,955,<e>,<e>
23193,<b>,3,1,<e>,<b>,2,1,2,1,<e>,<b>,2,1,2,1,<e>,<b>,2,2,2,1,<e>,<b>,2,1,2,1,<e>,<b>,5,2,1,<e>,<b>,2,1,3,1,<e>,<e>
23193,<b>,2,1,<e>,<b>,3,1,1,2,1,<e>,<b>,2,2,2,5,1,<e>,<b>,2,1,<e>,<b>,2,1,<e>,<b>,4,2,4,1,<e>,<b>,2,1,<e>,<e>
23193,<b>,5,2,1,<e>,<b>,2,5,2,1,<e>,<b>,2,2,1,<e>,<b>,2,1,<e>,<b>,2,1,2,1,<e>,<b>,2,1,4,1,<e>,<b>,2,1,2,1,2,1,<e>,<e>
23193,<b>,2,2,1,2,1,2,1,<e>,<b>,2,1,2,1,2,1,2,1,<e>,<b>,2,1,2,1,<e>,<b>,2,2.0,1.0,<e>,<b>,2,1,<e>,<b>,2,1.0,2.0,1,<e>,<b>,2,3.0,2.0,1,<e>,,,,,,,,,,,,,,,,,,,,,,,,,,,,,,,,,,,,,,,,,,,,,,,,,,,,<e>
23194,<b>,3,1,<e>,<b>,955,<e>,<b>,5,1,<e>,<b>,955,<e>,<b>,3,1,<e>,<b>,955,<e>,<b>,955,<e>,<e>
23194,<b>,3,1,<e>,<b>,3,1,<e>,<b>,3,1,<e>,<b>,3,1,<e>,<b>,2,1,<e>,<b>,2,1,<e>,<b>,955,<e>,<e>
23194,<b>,2,1,<e>,<b>,2,1,<e>,<b>,2,1,<e>,<b>,955,<e>,<b>,3,1,<e>,<b>,955,<e>,<b>,3,1,<e>,<e>
23194,<b>,4,1,<e>,<b>,955,<e>,<b>,3,1,<e>,<b>,2,1,<e>,<b>,2,1,<e>,<b>,4,1,<e>,,,,,,,,,,,,,,,,,,,,,,,,,,,,,,,,,,,,,,,,,,,,,,,,,,,,,,,,,,,,,,,,,,,,,,,,,,,,,,,,,,,,,,,,,,,,,,,,,,,,,,,,,,,,,,,,,,,,,,,,,,,,,,,,,,,,,,,,,<b>,955,<e>,<e>
23196,<b>,2,3,1,<e>,<b>,3,2,1,<e>,<b>,3,1,<e>,<b>,955,<e>,<b>,2,2,1,<e>,<b>,3,1,<e>,<b>,2,1,2,1,<e>,<e>
23196,<b>,2,1,<e>,<b>,955,<e>,<b>,955,<e>,<b>,955,<e>,<b>,955,<e>,<b>,955,<e>,<b>,955,<e>,<e>
23196,<b>,3,2,1,<e>,<b>,2,1,<e>,<b>,955,<e>,<b>,955,<e>,<b>,955,<e>,<b>,955,<e>,<b>,955,<e>,<e>
23196,<b>,3,2,2,1,<e>,<b>,955,<e>,<b>,3,2,2,1,<e>,,,,,,,,,,,,,,,,,,,,,,,,,,,,,,,,,,,,,,,,,,,,,,,,,,,,,,,,,,,,,,,,,,,,,,,,,,,,,,,,,,,,,,,,,,,,,,,,,,,,,,,,,,,,,,,,,,,,,,,,,,,,,,,,,,,,,,,,,,,,,,,,,,,,,,,,,,,,,,,<b>,955,<e>,<b>,955,<e>,<b>,955,<e>,<b>,955,<e>,<e>
23197,<b>,3,1,<e>,<b>,3,1,<e>,<b>,3,1,<e>,<b>,3,1,<e>,<b>,3,2,1,<e>,<b>,3,2,1,<e>,<b>,2,1,<e>,<e>
23197,<b>,3,1,2,1,<e>,<b>,3,1,<e>,<b>,3,1,<e>,<b>,3,1,<e>,<b>,3,1,<e>,<b>,2,1,<e>,<b>,2,1,<e>,<e>
23197,<b>,2,1,<e>,<b>,2,1,2,1,<e>,<b>,2,1,<e>,<b>,3,1,<e>,<b>,3,1,<e>,<b>,3,1,<e>,<b>,3,1,<e>,<e>
23197,<b>,3,2,1,<e>,<b>,3,1,<e>,<b>,3,1,<e>,<b>,3,1,<e>,<b>,2,1,<e>,<b>,2,1,<e>,<b>,3,1,<e>,,,,,,,,,,,,,,,,,,,,,,,,,,,,,,,,,,,,,,,,,,,,,,,,,,,,,,,,,,,,,,,,,,,,,,,,,,,,,,,,,,,,,,,,,,,,,,<e>
23203,<b>,3,1,<e>,<b>,955,<e>,<b>,3,1,<e>,<b>,3,2,1,<e>,<b>,3,2,1,<e>,<b>,955,<e>,<b>,3,1,<e>,<e>
23203,<b>,3,1,<e>,<b>,3,1,<e>,<b>,3,1,<e>,<b>,3,2,2,1,<e>,<b>,955,<e>,<b>,3,1,<e>,<b>,955,<e>,<e>
23203,<b>,2,2,1,<e>,<b>,3,1,<e>,<b>,3,2,1,<e>,<b>,3,1,<e>,<b>,3,1,<e>,<b>,3,2,1,<e>,<b>,955,<e>,<e>
23203,<b>,3,1,<e>,<b>,955,<e>,<b>,955,<e>,<b>,3,2,1,<e>,<b>,2,2,1,<e>,<b>,3,1,<e>,,,,,,,,,,,,,,,,,,,,,,,,,,,,,,,,,,,,,,,,,,,,,,,,,,,,,,,,,,,,,,,,,,,,,,,,,,,,,,,,,,,,,,,,,,,,,,,,,,,,,,,,,,,,,,,,,,,,,,,,,,,,<b>,955,<e>,<e>
23205,<b>,3,2,3,1,2,1,<e>,<b>,3,2,3,1,2,1,<e>,<b>,3,2,3,5,1,2,1,<e>,<b>,3,2,3,5,1,2,1,<e>,<b>,3,2,3,5,1,2,1,<e>,<b>,2,1,3,2,1,2,1,2,1,<e>,<b>,5,1,5,1,2,1,<e>,<e>
23205,<b>,5,1,2,1,5,2,1,2,1,<e>,<b>,3,2,3,2,1,2,1,<e>,<b>,3,2,3,2,1,2,1,<e>,<b>,3,2,3,1,2,1,<e>,<b>,3,2,3,5,5,5,5,5,2,1,2,1,<e>,<b>,5,5,5,5,5,2,5,5,2,1,3,1,<e>,<b>,2,5,1,2,1,2,1,<e>,<e>
23205,<b>,5,2,2,2,1,3,2.0,1,2.0,1.0,<e>,<b>,2,1,2.0,1,1,<e>,<b>,2,5.0,1,2,1,<e>,<b>,955,<e>,<b>,955,<e>,<b>,955,<e>,<b>,955,<e>,<e>
23205,<b>,3.0,2.0,3.0,5,5,2.0,2.0,1,2,1.0,<e>,<b>,955,<e>,<b>,3,2,3,2.0,3.0,2,1,2,1,<e>,<b>,955,<e>,<b>,2,2.0,2,1.0,3.0,1.0,2.0,1.0,<e>,,,,,,,,,,,,,,,,,,<b>,955,<e>,<b>,955,<e>,<e>
23207,<b>,3,4,1,2,1,<e>,<b>,3,2,4,1,<e>,<b>,2,2,1,<e>,<b>,4,1,<e>,<b>,955,<e>,<b>,955,<e>,<b>,955,<e>,<e>
23207,<b>,2,1,<e>,<b>,955,<e>,<b>,3,4,1,2,1,<e>,<b>,955,<e>,<b>,955,<e>,<b>,955,<e>,<b>,955,<e>,<e>
23207,<b>,2,2,5,2,1,<e>,<b>,2,1,<e>,<b>,955,<e>,<b>,955,<e>,<b>,955,<e>,<b>,955,<e>,<b>,955,<e>,<e>
23207,<b>,4,5,2,1,<e>,<b>,955,<e>,<b>,5,2,2,1,<e>,,,,,,,,,,,,,,,,,,,,,,,,,,,,,,,,,,,,,,,,,,,,,,,,,,,,,,,,,,,,,,,,,,,,,,,,,,,,,,,,,,,,,,,,,,,,,,,,,,,,,,,,,,,,,,,,,,,,,,,,,,,,,,,,,,,,,,,,,,,,,,,,,,,,,,,,,,,,,<b>,955,<e>,<b>,955,<e>,<b>,955,<e>,<b>,955,<e>,<e>
23209,<b>,3,5,1,<e>,<b>,3,1,<e>,<b>,2,1,<e>,<b>,955,<e>,<b>,955,<e>,<b>,5,1,<e>,<b>,5,1,<e>,,,,,,,,,,,,,,,,,,,,,,,,,,,,,,,,,,,,,,,,,,,,,,,,,,,,,,,,,,,,,,,,,,,,,,,,,,,,,,,,,,,,,,,,,,,,,,,,,,,,,,,,,,,,,,,,,,,,,,,,,,,,,,,,,,,,,,,,,,,,,,,,,,,,,,,,,,,,,,,,,,,,,,,,,,,,,,,,,,,,,,,,,,,,,,,,<e>
23210,<b>,3,1,<e>,<b>,2,1,<e>,<b>,3,1,<e>,<b>,3,1,<e>,,,,,,,,,,,,,,,,,,,,,,,,,,,,,,,,,,,,,,,,,,,,,,,,,,,,,,,,,,,,,,,,,,,,,,,,,,,,,,,,,,,,,,,,,,,,,,,,,,,,,,,,,,,,,,,,,,,,,,,,,,,,,,,,,,,,,,,,,,,,,,,,,,,,,,,,,,,,,,,,,,,,,,,,,,,,,,,,,,,,,,,,,,,,,,,,,,,,,<b>,955,<e>,<b>,955,<e>,<b>,955,<e>,<e>
23218,<b>,3,4,1,<e>,<b>,3,3,1,<e>,<b>,5,4,1,5,1,<e>,<b>,3,1,<e>,<b>,955,<e>,<b>,955,<e>,<b>,955,<e>,<e>
23218,<b>,4,3,1,<e>,<b>,4,4,1,<e>,<b>,4,3,2,3,1,<e>,<b>,955,<e>,<b>,955,<e>,<b>,955,<e>,<b>,5,1,<e>,<e>
23218,<b>,2,1,<e>,<b>,2,1,1,<e>,<b>,2,1,<e>,<b>,955,<e>,<b>,3,1,<e>,<b>,955,<e>,<b>,955,<e>,<e>
23218,<b>,3,1,<e>,<b>,2,1,<e>,<b>,4,4,1,<e>,<b>,4,1,<e>,,,,,,,,,,,,,,,,,,,,,,,,,,,,,,,,,,,,,,,,,,,,,,,,,,,,,,,,,,,,,,,,,,,,,,,,,,,,,,,,,,,,,,,,,,,,,,,,,,,,,,,,,,,,,,,,,,,,,,,,,,,,,,,,,,,,,,,,,<b>,955,<e>,<b>,955,<e>,<b>,955,<e>,<e>
23219,<b>,5,2,1,<e>,<b>,2,1,2,1,2,1,2,1,<e>,<b>,2,1,2,1,2,1,2,5,2,1,2,1,<e>,<b>,2,1,<e>,<b>,5,1,2,5,1,2,1,2,1,<e>,<b>,5,2,1,2,5,1,2,1,<e>,<b>,5,2,1,2,1,<e>,<e>
23219,<b>,2,1,5,1,2,2,2,1,<e>,<b>,2,1,2,1,2,1,<e>,<b>,2,2,2,1,<e>,<b>,955,<e>,<b>,955,<e>,<b>,955,<e>,<b>,955,<e>,<e>
23219,<b>,2,2,2,1,<e>,<b>,2,2,2,1,<e>,<b>,955,<e>,<b>,955,<e>,<b>,955,<e>,<b>,955,<e>,<b>,955,<e>,<e>
23219,<b>,2,2,1,<e>,<b>,955,<e>,<b>,2,2,1,<e>,,,,,,,,,,,,,,,,,,,,,,,,,,,,,,,,,,,,,,,,,,,,,,,,,,,,,,,,,,,,,,,,,,,,,,,,,,,,,,,,,,,,,,,,,,,,,,,,,,,,,,,,,,<b>,955,<e>,<b>,955,<e>,<b>,955,<e>,<b>,955,<e>,<e>
23222,<b>,5,2,1,1,5,5,1,<e>,<b>,3,1,<e>,<b>,3,1,5,5,2,1,2,1,<e>,<b>,3,1,<e>,<b>,5,3,1,5,1,5,1,<e>,<b>,5,2,2,1,5,2,1,<e>,<b>,2,2,5,1,<e>,<e>
23222,<b>,5,1,2,1,5,5,1,<e>,<b>,3,1,<e>,<b>,3,1,5,2,2,1,5,1,<e>,<b>,3,1,<e>,<b>,3,2,1,<e>,<b>,955,<e>,<b>,5,2,5,5,1,<e>,<e>
23222,<b>,5,2,1,5,1,<e>,<b>,5,1,5,2,1,<e>,<b>,955,<e>,<b>,3,1,<e>,<b>,5,3,1,<e>,<b>,3,1,<e>,<b>,3,1,2,2,1,<e>,<e>
23222,<b>,2,1,<e>,<b>,3,1,2,2,1,5,1,<e>,<b>,3,1,<e>,<b>,3,1.0,<e>,<b>,955,<e>,<b>,5,1.0,2.0,5,2,1.0,<e>,<b>,3,2,2,1,<e>,,,,,,,,,,,,,,,,,,,,,,,,,,,,,,,,,,,,,,,,,,,,,,,,,,,,,,<e>
23224,<b>,5,2,1,2,1,<e>,<b>,2,1,<e>,<b>,955,<e>,<b>,2,1,<e>,<b>,955,<e>,<b>,955,<e>,<b>,2,2,1,<e>,<e>
23224,<b>,2,1,<e>,<b>,955,<e>,<b>,2,1,<e>,<b>,955,<e>,<b>,955,<e>,<b>,955,<e>,<b>,955,<e>,<e>
23224,<b>,2,5,2,1,<e>,<b>,2,2,1,<e>,<b>,955,<e>,<b>,955,<e>,<b>,955,<e>,<b>,955,<e>,<b>,955,<e>,<e>
23224,<b>,2,1,<e>,<b>,955,<e>,<b>,2,1,<e>,,,,,,,,,,,,,,,,,,,,,,,,,,,,,,,,,,,,,,,,,,,,,,,,,,,,,,,,,,,,,,,,,,,,,,,,,,,,,,,,,,,,,,,,,,,,,,,,,,,,,,,,,,,,,,,,,,,,,,,,,,,,,,,,,,,,,,,,,,,,,,,,,,,,,,,,,,,,,,,,,,,,,,<b>,955,<e>,<b>,955,<e>,<b>,955,<e>,<b>,955,<e>,<e>
23225,<b>,3,1,<e>,<b>,3,3,2,1,<e>,<b>,3,1,<e>,<b>,3,1,<e>,<b>,3,1,<e>,<b>,5,5,1,<e>,<b>,955,<e>,<e>
23225,<b>,3,1,<e>,<b>,955,<e>,<b>,3,1,<e>,<b>,3,3,2,1,<e>,<b>,3,5,1,<e>,<b>,5,2,5,2,1,<e>,<b>,955,<e>,<e>
23225,<b>,2,5,5,1,<e>,<b>,2,5,1,2,2,1,<e>,<b>,955,<e>,<b>,3,3,1,<e>,<b>,3,3,1,<e>,<b>,3,1,<e>,<b>,3,1,<e>,<e>
23225,<b>,3,1,<e>,<b>,3,3,1,<e>,<b>,5,3,5,1,<e>,<b>,3,2,1,<e>,<b>,5,5,2,1,<e>,<b>,955,<e>,<b>,3,3,5,1,<e>,,,,,,,,,,,,,,,,,,,,,,,,,,,,,,,,,,,,,,,,,,,,,,,,,,,,,,,,,,,,,,,,,,,,,,,,,,,,,,,,,,,,,,,,,,,,,,,,<e>
23228,<b>,3,2,1,<e>,<b>,3,1,<e>,<b>,3,1,<e>,<b>,3,1,<e>,<b>,3,1,<e>,<b>,2,1,<e>,<b>,2,2,1,1,<e>,<e>
23228,<b>,3,1,<e>,<b>,3,1,<e>,<b>,3,1,<e>,<b>,3,5,2,1,<e>,<b>,3,1,<e>,<b>,5,5,1,<e>,<b>,955,<e>,<e>
23228,<b>,2,1,<e>,<b>,2,2,1,<e>,<b>,955,<e>,<b>,955,<e>,<b>,955,<e>,<b>,955,<e>,<b>,955,<e>,<e>
23228,<b>,3,2,1,<e>,<b>,955,<e>,<b>,955,<e>,<b>,2,2,1,<e>,,,,,,,,,,,,,,,,,,,,,,,,,,,,,,,,,,,,,,,,,,,,,,,,,,,,,,,,,,,,,,,,,,,,,,,,,,,,,,,,,,,,,,,,,,,,,,,,,,,,,,,,,,,,,,,,,,,,,,,,,,,,,,,,,,,,,,,,<b>,955,<e>,<b>,955,<e>,<b>,955,<e>,<e>
23233,<b>,3,1,<e>,<b>,3,1,<e>,<b>,3,2,3,1,<e>,<b>,3,2,3,1,<e>,<b>,3,2,3,1,<e>,<b>,2,1,<e>,<b>,955,<e>,<e>
23233,<b>,5,2,3,1,<e>,<b>,3,2,3,1,<e>,<b>,3,2,3,1,<e>,<b>,5,3,2,3,1,<e>,<b>,3,5,2,1,<e>,<b>,5,1,2,1,<e>,<b>,955,<e>,<e>
23233,<b>,5,1,<e>,<b>,5,2,2,1,<e>,<b>,955,<e>,<b>,3,2,3,1,<e>,<b>,3,1,<e>,<b>,3,2,3,1,<e>,<b>,3,1,<e>,<e>
23233,<b>,3,2,3,1,<e>,<b>,3,2,3,2,5,1,<e>,<b>,3,1,<e>,<b>,3,1,<e>,<b>,955,<e>,<b>,955,<e>,<b>,3,1,<e>,,,,,,,,,,,,,,,,,,,,,,,,,,,,,,,,,,,,,,,,,,,,,,,,,,,,,,,,,,,,,,,,,,,,,,,,,,,,,,,,,,,,,,,,,,<e>
23234,<b>,3,1,<e>,<b>,3,1,<e>,<b>,4,3,1,<e>,<b>,2,2,2,2,2,1,<e>,<b>,2,1,<e>,<b>,3,1,<e>,<b>,955,<e>,<e>
23234,<b>,3,1,<e>,<b>,3,1,<e>,<b>,3,1,<e>,<b>,3,1,<e>,<b>,3,1,<e>,<b>,955,<e>,<b>,955,<e>,<e>
23234,<b>,2,3,3,1,<e>,<b>,2,2,2,1,<e>,<b>,3,3,1,<e>,<b>,3,2,2,1,<e>,<b>,955,<e>,<b>,2,2,1,<e>,,,,,,,,,,,,,,,,,,,,,,,,,,,,,,,,,,,,,,,,,,,,,,,,,,,,,,,,,,,,,,,,,,,,,,,,,,,,,,,,,,,,,,,,,,,,,,,,,,,,,,,,,,,,,,,,,,,,,,,,,,,,,,,,,,,,,,,,<b>,955,<e>,<e>
23235,<b>,3,1,<e>,<b>,3,1,<e>,<b>,3,1,<e>,<b>,3,1,<e>,<b>,3,1,<e>,<b>,955,<e>,<b>,955,<e>,<e>
23235,<b>,3,1,<e>,<b>,3,1,<e>,<b>,3,1,<e>,<b>,955,<e>,<b>,955,<e>,<b>,5,1,<e>,<b>,955,<e>,<e>
23235,<b>,2,1,<e>,<b>,5,5,1,<e>,<b>,955,<e>,<b>,955,<e>,<b>,955,<e>,<b>,955,<e>,<b>,3,1,<e>,<e>
23235,<b>,3,5,1,<e>,<b>,5,1,<e>,<b>,955,<e>,<b>,3,1,<e>,,,,,,,,,,,,,,,,,,,,,,,,,,,,,,,,,,,,,,,,,,,,,,,,,,,,,,,,,,,,,,,,,,,,,,,,,,,,,,,,,,,,,,,,,,,,,,,,,,,,,,,,,,,,,,,,,,,,,,,,,,,,,,,,,,,,,,,,,,,,,,,,,,,,,,,<b>,955,<e>,<b>,955,<e>,<b>,955,<e>,<e>
23238,<b>,3,3,3,1,<e>,<b>,3,1,<e>,<b>,3,1,<e>,<b>,3,1,<e>,<b>,2,1,<e>,<b>,2,1,<e>,<b>,955,<e>,<e>
23238,<b>,3,1,<e>,<b>,3,1,<e>,<b>,3,2,1,<e>,<b>,3,1,<e>,<b>,2,1,<e>,<b>,2,1,<e>,<b>,2,1,<e>,,,,,,,,,,,,,,,,,,,,,,,,,,,,,,,,,,,,,,,,,,,,,,,,,,,,,,,,,,,,,,,,,,,,,,,,,,,,,,,,,,,,,,,,,,,,,,,,,,,,,,,,,,,,,,,,,,,,,,,,,,,,,,,,,,,,,,,,,,,,,,,,,,,,,,,,,,,,,,<e>
23239,<b>,3,1,<e>,<b>,4,3,1,<e>,<b>,4,3,1,<e>,<b>,4,3,1,<e>,<b>,3,1,<e>,<b>,4,1,5,1,<e>,<b>,4,1,<e>,<e>
23239,<b>,3,1,<e>,<b>,4,3,1,<e>,<b>,4,3,1,<e>,<b>,4,3,2,1,<e>,<b>,3,1,<e>,<b>,4,1,<e>,<b>,4,1,<e>,<e>
23239,<b>,4,2,1,<e>,<b>,4,2,1,<e>,<b>,3,1,<e>,<b>,3,1,<e>,<b>,4,3,1,<e>,<b>,3,1,<e>,<b>,3,1,<e>,<e>
23239,<b>,3,1,<e>,<b>,3,1,<e>,<b>,3,1,<e>,<b>,4,3,1,<e>,<b>,4,2,4,1,<e>,<b>,4,2,1,<e>,<b>,3,1,<e>,,,,,,,,,,,,,,,,,,,,,,,,,,,,,,,,,,,,,,,,,,,,,,,,,,,,,,,,,,,,,,,,,,,,,,,,,,,,,,,,,,,,,<e>
23241,<b>,3,1,<e>,<b>,3,1,<e>,<b>,5,2,1,<e>,<b>,3,2,2,1,<e>,<b>,3,1,<e>,<b>,3,1,<e>,<b>,5,1,2,1,<e>,<e>
23241,<b>,3,1,<e>,<b>,3,1,<e>,<b>,2,1,<e>,<b>,3,1,<e>,<b>,3,4,3,1,<e>,<b>,3,4,3,4,3,1,<e>,<b>,2,1,<e>,<e>
23241,<b>,2,1,2,1,2,1,<e>,<b>,2,2,1,1,<e>,<b>,955,<e>,<b>,3,4,3,4,3,1,<e>,<b>,3,2,3,1,<e>,<b>,3,4,3,1,<e>,<b>,3,4,3,1,<e>,<e>
23241,<b>,3,1,<e>,<b>,5,2,1,1,2,1,<e>,<b>,3,1,<e>,<b>,3,4,3,1,<e>,<b>,3,2,3,2,1,<e>,<b>,5,1,5,1,<e>,<b>,3.0,1,<e>,,,,,,,,,,,,,,,,,,,,,,,,,,,,,,,,,,,,,,,,,,,,,,,,,,,,,,,,,,,,,,,,,,,<e>
23242,<b>,5,1,<e>,<b>,955,<e>,<b>,955,<e>,<b>,5,1,<e>,<b>,3,2,3,1,<e>,<b>,5,1,5,1,<e>,<b>,2,1,<e>,<e>
23242,<b>,5,1,2,1,<e>,<b>,955,<e>,<b>,2,1,<e>,<b>,5,1,<e>,<b>,2,1,<e>,<b>,5,2,5,1,<e>,<b>,2,1,2,1,<e>,<e>
23242,<b>,5,1,<e>,<b>,5,1,<e>,<b>,5,1,5,1,<e>,<b>,5,1,5,1,<e>,<b>,5,1,<e>,<b>,5,1,<e>,<b>,5,1,<e>,<e>
23242,<b>,2,1,5,1,<e>,<b>,2,1,<e>,<b>,955,<e>,<b>,5,1,<e>,<b>,5,1,<e>,,,,,,,,,,,,,,,,,,,,,,,,,,,,,,,,,,,,,,,,,,,,,,,,,,,,,,,,,,,,,,,,,,,,,,,,,,,,,,,,,,,,,,,,,,,,,,,,,,,,,,,,,,,,,<b>,955,<e>,<b>,955,<e>,<e>
23244,<b>,3,1,<e>,<b>,3,1,<e>,<b>,955,<e>,<b>,955,<e>,<b>,5,1,<e>,<b>,2,1,2,1,<e>,<b>,2,1,<e>,<e>
23244,<b>,3,1,<e>,<b>,3,1,<e>,<b>,3,2,1,<e>,<b>,3,1,<e>,<b>,3,1,<e>,<b>,2,1,<e>,<b>,955,<e>,<e>
23244,<b>,2,2,1,<e>,<b>,2,1,<e>,<b>,955,<e>,<b>,955,<e>,<b>,955,<e>,<b>,955,<e>,<b>,955,<e>,<e>
23244,<b>,3,1,<e>,<b>,3,1,<e>,<b>,3,1,<e>,<b>,955,<e>,<b>,2,2,1,<e>,,,,,,,,,,,,,,,,,,,,,,,,,,,,,,,,,,,,,,,,,,,,,,,,,,,,,,,,,,,,,,,,,,,,,,,,,,,,,,,,,,,,,,,,,,,,,,,,,,,,,,,,,,,,,,,,,,,,,,,,,,,,,,,,,,,,,,,,,,,,<b>,955,<e>,<b>,955,<e>,<e>
23019,<b>,3,1,<e>,<b>,955,<e>,<b>,3,1,<e>,<b>,3,1,<e>,<b>,955,<e>,<b>,955,<e>,<b>,3,1,<e>,<e>
23019,<b>,4,3,1,<e>,<b>,955,<e>,<b>,955,<e>,<b>,955,<e>,<b>,955,<e>,<b>,955,<e>,<b>,955,<e>,<e>
23019,<b>,3,1,<e>,<b>,3,1,<e>,<b>,955,<e>,<b>,955,<e>,<b>,955,<e>,<b>,3,1,<e>,<b>,955,<e>,<e>
23019,<b>,3,1,<e>,<b>,955,<e>,<b>,955,<e>,<b>,3,1,<e>,,,,,,,,,,,,,,,,,,,,,,,,,,,,,,,,,,,,,,,,,,,,,,,,,,,,,,,,,,,,,,,,,,,,,,,,,,,,,,,,,,,,,,,,,,,,,,,,,,,,,,,,,,,,,,,,,,,,,,,,,,,,,,,,,,,,,,,,,,,,,,,,,,,,,,,,,,,,,,,,,,,,,,,,,,,,<b>,955,<e>,<b>,955,<e>,<b>,955,<e>,<e>
23028,<b>,5,1,<e>,<b>,5,5,2,1,<e>,<b>,5,1,5,1,<e>,<b>,2,1,<e>,<b>,2,2,1,<e>,<b>,5,1,<e>,<b>,955,<e>,<e>
23028,<b>,2,5,1,<e>,<b>,5,2,1,<e>,<b>,2,2,1,<e>,<b>,2,2,1,<e>,<b>,2,1,<e>,<b>,2,5,1,<e>,<b>,955,<e>,<e>
23028,<b>,2,2,1,<e>,<b>,2,2,1,<e>,<b>,955,<e>,<b>,955,<e>,<b>,5,1,<e>,<b>,2,1,<e>,<b>,5,1,<e>,<e>
23028,<b>,2,1,5,2,1,<e>,<b>,2,1,1,1,<e>,<b>,5,1,5,1,<e>,<b>,2,1,<e>,<b>,5,1,<e>,<b>,5,1,<e>,<b>,2,1,<e>,,,,,,,,,,,,,,,,,,,,,,,,,,,,,,,,,,,,,,,,,,,,,,,,,,,,,,,,,,,,,,,,,,,,,,,,,,,,,,,,,,,,,,,,,,,,,,,,,,<e>
23030,<b>,5,3,2,1,<e>,<b>,3,2,1,<e>,<b>,3,2,1,<e>,<b>,3,2,4,1,<e>,<b>,955,<e>,<b>,3,2,1,<e>,<b>,3,1,<e>,<e>
23030,<b>,3,2,1,<e>,<b>,3,2,1,<e>,<b>,3,1,<e>,<b>,955,<e>,<b>,3,1,<e>,<b>,3,1,<e>,<b>,955,<e>,<e>
23030,<b>,3,1,<e>,<b>,3,1,<e>,<b>,955,<e>,<b>,3,2,1,<e>,<b>,3,1,<e>,<b>,3,2,1,<e>,<b>,955,<e>,<e>
23030,<b>,3,1,<e>,<b>,3,2,1,<e>,<b>,3,2,1,<e>,<b>,955,<e>,<b>,3,2,1,<e>,<b>,3,2,1,<e>,<b>,3,1,<e>,,,,,,,,,,,,,,,,,,,,,,,,,,,,,,,,,,,,,,,,,,,,,,,,,,,,,,,,,,,,,,,,,,,,,,,,,,,,,,,,,,,,,,,,,,,,,,,,,,,,,,,,,,,,,,<e>
23041,<b>,2,1,<e>,<b>,5,1,<e>,<b>,5,1,<e>,<b>,5,1,<e>,<b>,955,<e>,<b>,955,<e>,<b>,5,1,<e>,<e>
23041,<b>,5,3,2,5,1,<e>,<b>,2,1,<e>,<b>,955,<e>,<b>,5,2,1,<e>,<b>,955,<e>,<b>,955,<e>,<b>,955,<e>,<e>
23041,<b>,5,1,<e>,<b>,5,2,1,<e>,<b>,955,<e>,<b>,955,<e>,<b>,955,<e>,<b>,955,<e>,<b>,955,<e>,<e>
23041,<b>,5,2,1,<e>,<b>,955,<e>,<b>,5,2,1,<e>,,,,,,,,,,,,,,,,,,,,,,,,,,,,,,,,,,,,,,,,,,,,,,,,,,,,,,,,,,,,,,,,,,,,,,,,,,,,,,,,,,,,,,,,,,,,,,,,,,,,,,,,,,,,,,,,,,,,,,,,,,,,,,,,,,,,,,,,,,,,,,,,,,,,,,,,,,,,,,<b>,955,<e>,<b>,955,<e>,<b>,955,<e>,<b>,955,<e>,<e>
23050,<b>,5,2,1,<e>,<b>,5,3,1,1,<e>,<b>,3,2,3,2,1,<e>,<b>,4,3,1,<e>,<b>,2,5,2,1,<e>,<b>,2,2,1,2,1,<e>,<b>,3,2,2,1,<e>,<e>
23050,<b>,2,5,2,1,<e>,<b>,2,3,2,3,1,<e>,<b>,3,5,2,1,<e>,<b>,4,1,<e>,<b>,2,2,1,<e>,<b>,5,1,<e>,<b>,955,<e>,<e>
23050,<b>,2,1,<e>,<b>,2,2,1,<e>,<b>,2,2,1,<e>,<b>,3,1,<e>,<b>,5,1,2,1,2,1,<e>,<b>,2,1,5,2,1,<e>,<b>,3,1,<e>,<e>
23050,<b>,3,4,2,1,<e>,<b>,2,1,2,1,<e>,<b>,2,1,2,1,<e>,<b>,3,1,<e>,<b>,2,5,1,<e>,<b>,2,1,5.0,5.0,2.0,1,<e>,<b>,4,1,<e>,,,,,,,,,,,,,,,,,,,,,,,,,,,,,,,,,,,,,,,,,,,,,,,,,,,,,,,,,,,,,,,<e>
23074,<b>,3,1,<e>,<b>,3,1,<e>,<b>,955,<e>,<b>,2,1,<e>,<b>,955,<e>,<b>,955,<e>,<b>,955,<e>,<e>
23074,<b>,3,1,<e>,<b>,955,<e>,<b>,955,<e>,<b>,955,<e>,<b>,4,1,<e>,,,,,,,,,,,,,,,,,,,,,,,,,,,,,,,,,,,,,,,,,,,,,,,,,,,,,,,,,,,,,,,,,,,,,,,,,,,,,,,,,,,,,,,,,,,,,,,,,,,,,,,,,,,,,,,,,,,,,,,,,,,,,,,,,,,,,,,,,,,,,,,,,,,,,,,,,,,,,,,,,,,,,,,,,,,,,,,,,,,,,,,,,,,,,,,,,<b>,955,<e>,<b>,955,<e>,<e>
23075,<b>,5,1,<e>,<b>,2,1,<e>,<b>,3,1,<e>,<b>,955,<e>,<b>,5,1,<e>,<b>,2,1,<e>,<b>,955,<e>,<e>
23075,<b>,5,1,<e>,<b>,5,1,<e>,<b>,955,<e>,<b>,955,<e>,<b>,955,<e>,<b>,955,<e>,<b>,955,<e>,<e>
23075,<b>,5,1,<e>,<b>,5,1,<e>,<b>,955,<e>,<b>,955,<e>,<b>,955,<e>,<b>,955,<e>,<b>,955,<e>,<e>
23075,<b>,5,1,<e>,<b>,5,1,<e>,,,,,,,,,,,,,,,,,,,,,,,,,,,,,,,,,,,,,,,,,,,,,,,,,,,,,,,,,,,,,,,,,,,,,,,,,,,,,,,,,,,,,,,,,,,,,,,,,,,,,,,,,,,,,,,,,,,,,,,,,,,,,,,,,,,,,,,,,,,,,,,,,,,,,,,,,,,,,,,,,,,,,,,,,<b>,955,<e>,<b>,955,<e>,<b>,955,<e>,<b>,955,<e>,<b>,955,<e>,<e>
23079,<b>,3,1,<e>,<b>,3,1,<e>,<b>,5,3,2,1,<e>,<b>,955,<e>,<b>,955,<e>,<b>,955,<e>,<b>,3,1,<e>,<e>
23079,<b>,3,1,<e>,<b>,3,1,<e>,<b>,955,<e>,<b>,3,1,<e>,<b>,955,<e>,<b>,2,1,<e>,<b>,955,<e>,<e>
23079,<b>,2,1,<e>,<b>,2,1,<e>,<b>,955,<e>,<b>,3,1,<e>,<b>,3,1,<e>,<b>,955,<e>,<b>,955,<e>,<e>
23079,<b>,3,1,<e>,<b>,3,1,<e>,<b>,955,<e>,<b>,3,1,<e>,<b>,955,<e>,<b>,955,<e>,<b>,3,1,<e>,,,,,,,,,,,,,,,,,,,,,,,,,,,,,,,,,,,,,,,,,,,,,,,,,,,,,,,,,,,,,,,,,,,,,,,,,,,,,,,,,,,,,,,,,,,,,,,,,,,,,,,,,,,,,,,,,,,,,,,,,,,,,,,,,,,,,,,,,,,,,,,,,,,<e>
23083,<b>,4,4,4,1,<e>,<b>,955,<e>,<b>,955,<e>,<b>,955,<e>,<b>,2,2,1,<e>,,,,,,,,,,,,,,,,,,,,,,,,,,,,,,,,,,,,,,,,,,,,,,,,,,,,,,,,,,,,,,,,,,,,,,,,,,,,,,,,,,,,,,,,,,,,,,,,,,,,,,,,,,,,,,,,,,,,,,,,,,,,,,,,,,,,,,,,,,,,,,,,,,,,,,,,,,,,,,,,,,,,,,,,,,,,,,,,,,,,,,,,,,,,,,,,,,,,,,,,,,<b>,955,<e>,<b>,955,<e>,<e>
23100,<b>,3,2,1,<e>,<b>,3,1,<e>,<b>,5,1,<e>,<b>,2,4,1,<e>,<b>,955,<e>,<b>,5,1,<e>,<b>,3,2,1,<e>,<e>
23100,<b>,3,2,1,<e>,<b>,3,2,1,<e>,<b>,5,1,<e>,<b>,2,1,<e>,<b>,955,<e>,<b>,955,<e>,<b>,955,<e>,<e>
23100,<b>,2,5,1,<e>,<b>,2,1,<e>,<b>,2,1,<e>,<b>,3,1,<e>,<b>,3,2,1,<e>,<b>,3,1,<e>,<b>,3,2,1,<e>,<e>
23100,<b>,3,2,1,<e>,<b>,2,3,1,<e>,<b>,3,2,1,<e>,<b>,3,2,5,1,<e>,<b>,2,4,1,<e>,<b>,2,2,5,1,<e>,<b>,3,2,1,<e>,,,,,,,,,,,,,,,,,,,,,,,,,,,,,,,,,,,,,,,,,,,,,,,,,,,,,,,,,,,,,,,,,,,,,,,,,,,,,,,,,,,,,,,,,,,,,,,,,,,,<e>
23101,<b>,3,4,1,<e>,<b>,3,1,<e>,<b>,3,1,<e>,<b>,955,<e>,<b>,3,1,<e>,<b>,955,<e>,<b>,955,<e>,<e>
23101,<b>,3,1,<e>,<b>,3,4,1,<e>,<b>,955,<e>,<b>,955,<e>,<b>,955,<e>,<b>,955,<e>,<b>,955,<e>,<e>
23101,<b>,3,1,<e>,<b>,2,1,<e>,<b>,955,<e>,<b>,3,1,<e>,<b>,955,<e>,<b>,955,<e>,<b>,955,<e>,<e>
23101,<b>,3,1,<e>,<b>,3,4,1,<e>,,,,,,,,,,,,,,,,,,,,,,,,,,,,,,,,,,,,,,,,,,,,,,,,,,,,,,,,,,,,,,,,,,,,,,,,,,,,,,,,,,,,,,,,,,,,,,,,,,,,,,,,,,,,,,,,,,,,,,,,,,,,,,,,,,,,,,,,,,,,,,,,,,,,,,,,,,,,,,,,,,,,,,<b>,955,<e>,<b>,955,<e>,<b>,955,<e>,<b>,955,<e>,<b>,955,<e>,<e>
23112,<b>,3,1,<e>,<b>,955,<e>,<b>,955,<e>,<b>,3,1,<e>,<b>,5,2,1,<e>,<b>,5,2,1,<e>,<b>,955,<e>,<e>
23112,<b>,5,1,<e>,<b>,5,1,<e>,<b>,955,<e>,<b>,955,<e>,<b>,955,<e>,<b>,955,<e>,<b>,955,<e>,<e>
23112,<b>,5,1,<e>,<b>,5,1,<e>,<b>,955,<e>,<b>,955,<e>,<b>,955,<e>,<b>,955,<e>,<b>,955,<e>,<e>
23112,<b>,5,1,<e>,<b>,5,1,<e>,,,,,,,,,,,,,,,,,,,,,,,,,,,,,,,,,,,,,,,,,,,,,,,,,,,,,,,,,,,,,,,,,,,,,,,,,,,,,,,,,,,,,,,,,,,,,,,,,,,,,,,,,,,,,,,,,,,,,,,,,,,,,,,,,,,,,,,,,,,,,,,,,,,,,,,,,,,,,,,,,,,,,,,,,,,<b>,955,<e>,<b>,955,<e>,<b>,955,<e>,<b>,955,<e>,<b>,955,<e>,<e>
23127,<b>,5,2,1,<e>,<b>,2,1,<e>,<b>,2,1,<e>,<b>,955,<e>,<b>,2,1,<e>,<b>,2,1,<e>,<b>,955,<e>,<e>
23127,<b>,2,2,1,<e>,<b>,955,<e>,<b>,2,1,<e>,<b>,955,<e>,<b>,955,<e>,<b>,2,1,<e>,<b>,955,<e>,<e>
23127,<b>,2,1,<e>,<b>,2,1,<e>,<b>,2,1,<e>,<b>,2,1,<e>,<b>,955,<e>,<b>,5,1,<e>,<b>,955,<e>,<e>
23127,<b>,2,2,1,<e>,<b>,2,1,<e>,<b>,955,<e>,<b>,2,1,<e>,,,,,,,,,,,,,,,,,,,,,,,,,,,,,,,,,,,,,,,,,,,,,,,,,,,,,,,,,,,,,,,,,,,,,,,,,,,,,,,,,,,,,,,,,,,,,,,,,,,,,,,,,,,,,,,,,,,,,,,,,,,,,,,,,,,,,,,,,,,,,,,,,,<b>,955,<e>,<b>,955,<e>,<b>,955,<e>,<e>
23136,<b>,4,3,5,1,<e>,<b>,4,3,1,<e>,<b>,955,<e>,<b>,3,1,<e>,<b>,2,1,<e>,<b>,2,1,2,1,<e>,<b>,3,1,<e>,<e>
23136,<b>,3,1,<e>,<b>,5,1,<e>,<b>,2,1,2,1,<e>,<b>,2,1,<e>,<b>,955,<e>,<b>,955,<e>,<b>,955,<e>,<e>
23136,<b>,2,1,<e>,<b>,955,<e>,<b>,955,<e>,<b>,955,<e>,<b>,3,1,<e>,<b>,3,1,<e>,<b>,955,<e>,<e>
23136,<b>,3,1,<e>,<b>,5,1,<e>,<b>,3,1,<e>,<b>,5,1,<e>,<b>,2,1,5,1,<e>,<b>,3,1,<e>,,,,,,,,,,,,,,,,,,,,,,,,,,,,,,,,,,,,,,,,,,,,,,,,,,,,,,,,,,,,,,,,,,,,,,,,,,,,,,,,,,,,,,,,,,,,,,,,,,,,,,,,,,,,,,,,,,,,,,,,,,,,,,,,<b>,955,<e>,<e>
23137,<b>,3,1,<e>,<b>,955,<e>,<b>,955,<e>,<b>,955,<e>,<b>,955,<e>,<b>,955,<e>,<b>,3,1,<e>,<e>
23137,<b>,3,1,<e>,<b>,955,<e>,<b>,955,<e>,<b>,955,<e>,<b>,955,<e>,<b>,2,1,<e>,,,,,,,,,,,,,,,,,,,,,,,,,,,,,,,,,,,,,,,,,,,,,,,,,,,,,,,,,,,,,,,,,,,,,,,,,,,,,,,,,,,,,,,,,,,,,,,,,,,,,,,,,,,,,,,,,,,,,,,,,,,,,,,,,,,,,,,,,,,,,,,,,,,,,,,,,,,,,,,,,,,,,,,,,,,,,,,,,,,,,,,,,,,,,,,,,,,,,<b>,955,<e>,<e>
23142,<b>,5,1,<e>,<b>,5,1,<e>,<b>,955,<e>,<b>,5,1,<e>,<b>,955,<e>,<b>,955,<e>,<b>,2,1,<e>,<e>
23142,<b>,5,1,2,1,<e>,<b>,955,<e>,<b>,955,<e>,<b>,955,<e>,<b>,955,<e>,<b>,955,<e>,<b>,955,<e>,<e>
23142,<b>,2,2,1,<e>,<b>,2,1,<e>,<b>,955,<e>,<b>,955,<e>,<b>,955,<e>,<b>,5,1,<e>,<b>,955,<e>,<e>
23142,<b>,5,1,<e>,,,,,,,,,,,,,,,,,,,,,,,,,,,,,,,,,,,,,,,,,,,,,,,,,,,,,,,,,,,,,,,,,,,,,,,,,,,,,,,,,,,,,,,,,,,,,,,,,,,,,,,,,,,,,,,,,,,,,,,,,,,,,,,,,,,,,,,,,,,,,,,,,,,,,,,,,,,,,,,,,,,,,,,,,,,,,,<b>,955,<e>,<b>,955,<e>,<b>,955,<e>,<b>,955,<e>,<b>,955,<e>,<b>,955,<e>,<e>
23149,<b>,5,1,1,<e>,<b>,955,<e>,<b>,955,<e>,<b>,3,1,<e>,<b>,5,1,<e>,,,,,,,,,,,,,,,,,,,,,,,,,,,,,,,,,,,,,,,,,,,,,,,,,,,,,,,,,,,,,,,,,,,,,,,,,,,,,,,,,,,,,,,,,,,,,,,,,,,,,,,,,,,,,,,,,,,,,,,,,,,,,,,,,,,,,,,,,,,,,,,,,,,,,,,,,,,,,,,,,,,,,,,,,,,,,,,,,,,,,,,,,,,,,,,,,,,,,,,,<b>,955,<e>,<b>,955,<e>,<e>
23157,<b>,3,1,<e>,,,,,,,,,,,,,,,,,,,,,,,,,,,,,,,,,,,,,,,,,,,,,,,,,,,,,,,,,,,,,,,,,,,,,,,,,,,,,,,,,,,,,,,,,,,,,,,,,,,,,,,,,,,,,,,,,,,,,,,,,,,,,,,,,,,,,,,,,,,,,,,,,,,,,,,,,,,,,,,,,,,,,,,,,,,,,,,,,,,,,,,,,,,,,,,,,,,,,,,,,,,,,,,,,<b>,955,<e>,<b>,955,<e>,<b>,955,<e>,<b>,955,<e>,<b>,955,<e>,<b>,955,<e>,<e>
23166,<b>,2,3,2,1,1,<e>,<b>,3,2,1,<e>,<b>,3,2,1,<e>,<b>,3,1,<e>,<b>,2,3,2,5,2,1,<e>,<b>,2,4,1,<e>,<b>,3,2,2,1,<e>,<e>
23166,<b>,5,3,2,5,1,<e>,<b>,3,2,1,<e>,<b>,3,2,2,1,<e>,<b>,3,4,1,<e>,<b>,955,<e>,<b>,955,<e>,<b>,955,<e>,<e>
23166,<b>,4,2,1,1,<e>,<b>,4,2,1,<e>,<b>,3,1,<e>,<b>,3,2,3,2,1,<e>,<b>,3,1,<e>,<b>,955,<e>,<b>,955,<e>,<e>
23166,<b>,3,4,1,<e>,<b>,3,2,1,<e>,<b>,3,1,2,1,<e>,<b>,4,3,2,1,<e>,<b>,3,4,2,1,<e>,<b>,4,2,4,2,1,<e>,,,,,,,,,,,,,,,,,,,,,,,,,,,,,,,,,,,,,,,,,,,,,,,,,,,,,,,,,,,,,,,,,,,,,,,,,,,,,,,,,,,,,,,,,<b>,955,<e>,<e>
23167,<b>,3,2,3,2,1,<e>,<b>,3,2,1,<e>,<b>,3,2,1,<e>,<b>,3,2,1,<e>,<b>,955,<e>,<b>,2,1,<e>,<b>,3,2,1,<e>,<e>
23167,<b>,2,2,2,2,1,<e>,<b>,955,<e>,<b>,955,<e>,<b>,955,<e>,<b>,955,<e>,<b>,955,<e>,<b>,955,<e>,<e>
23167,<b>,2,2,2,1,<e>,<b>,2,2,1,<e>,<b>,955,<e>,<b>,955,<e>,<b>,955,<e>,<b>,955,<e>,<b>,955,<e>,<e>
23167,<b>,3,2,1,<e>,<b>,955,<e>,<b>,2,2,2,1,<e>,<b>,2,2,2,1,<e>,,,,,,,,,,,,,,,,,,,,,,,,,,,,,,,,,,,,,,,,,,,,,,,,,,,,,,,,,,,,,,,,,,,,,,,,,,,,,,,,,,,,,,,,,,,,,,,,,,,,,,,,,,,,,,,,,,,,,,,,,,,,,,,,,,,,,,,,,,,,,,,,,,,<b>,955,<e>,<b>,955,<e>,<b>,955,<e>,<e>
23181,<b>,3,2,1,<e>,<b>,955,<e>,<b>,3,4,3,1,<e>,<b>,5,1,<e>,,,,,,,,,,,,,,,,,,,,,,,,,,,,,,,,,,,,,,,,,,,,,,,,,,,,,,,,,,,,,,,,,,,,,,,,,,,,,,,,,,,,,,,,,,,,,,,,,,,,,,,,,,,,,,,,,,,,,,,,,,,,,,,,,,,,,,,,,,,,,,,,,,,,,,,,,,,,,,,,,,,,,,,,,,,,,,,,,,,,,,,,,,,,,,,,,,,,,,<b>,955,<e>,<b>,955,<e>,<b>,955,<e>,<e>
23188,<b>,3,3,1,1,<e>,<b>,3,3,1,1,<e>,<b>,3,3,1,1,<e>,<b>,3,3,1,1,<e>,<b>,5,1,<e>,<b>,955,<e>,<b>,3,3,1,1,<e>,<e>
23188,<b>,3,3,1,1,<e>,<b>,955,<e>,<b>,3,3,1,<e>,<b>,955,<e>,<b>,955,<e>,<b>,955,<e>,<b>,955,<e>,<e>
23188,<b>,2,1,<e>,<b>,2,1,<e>,<b>,955,<e>,<b>,3,1,<e>,<b>,3,2,1,<e>,<b>,2,3,1,<e>,<b>,3,1,<e>,<e>
23188,<b>,3,2,1,<e>,<b>,3,1,<e>,<b>,3,1,<e>,<b>,3,1,<e>,<b>,955,<e>,<b>,955,<e>,<b>,3,1,<e>,,,,,,,,,,,,,,,,,,,,,,,,,,,,,,,,,,,,,,,,,,,,,,,,,,,,,,,,,,,,,,,,,,,,,,,,,,,,,,,,,,,,,,,,,,,,,,,,,,,,,,,,,,,,,,,,,,,,,,,,,<e>
23191,<b>,3,1,<e>,<b>,955,<e>,<b>,3,2,3,2,1,1,<e>,<b>,3,3,2,1,2,1,2,1,<e>,<b>,2,2,2,1,<e>,<b>,2,2,2,1,1,<e>,<b>,3,4,2,3,2,1,<e>,<e>
23191,<b>,3,2,2,1,<e>,<b>,2,2,1,<e>,<b>,2,1,<e>,<b>,955,<e>,<b>,955,<e>,<b>,955,<e>,<b>,955,<e>,<e>
23191,<b>,2,5,2,2,1,<e>,<b>,2,2,2,1,<e>,<b>,2,2,1,<e>,<b>,3,2,1,<e>,<b>,3,2,3,2,1,<e>,<b>,3,2,2,2,1,<e>,<b>,955,<e>,<e>
23191,<b>,3,2,1,<e>,<b>,3,2,1,<e>,<b>,3,2,2,1,<e>,<b>,3,2,2,1,<e>,<b>,955,<e>,<b>,955,<e>,<b>,3,4,2,1,<e>,,,,,,,,,,,,,,,,,,,,,,,,,,,,,,,,,,,,,,,,,,,,,,,,,,,,,,,,,,,,,,,,,,,,,,,,,,,,,,,,,,,,,,,,,,<e>
23221,<b>,3,2,1,2,1,<e>,<b>,3,4,3,2,3,1,<e>,<b>,955,<e>,<b>,3,4,2,3,1,<e>,<b>,955,<e>,<b>,955,<e>,<b>,955,<e>,<e>
23221,<b>,3,1,<e>,<b>,3,1,<e>,<b>,4,4,3,2,3,1,<e>,<b>,955,<e>,<b>,2,1,<e>,<b>,955,<e>,<b>,955,<e>,<e>
23221,<b>,3,3,1,<e>,<b>,3,1,<e>,<b>,955,<e>,<b>,3,1,<e>,<b>,955,<e>,<b>,955,<e>,<b>,955,<e>,<e>
23221,<b>,3,1,<e>,<b>,3,1,<e>,<b>,3,1,<e>,<b>,3,4,3,1,<e>,<b>,955,<e>,<b>,955,<e>,<b>,3,3,1,<e>,,,,,,,,,,,,,,,,,,,,,,,,,,,,,,,,,,,,,,,,,,,,,,,,,,,,,,,,,,,,,,,,,,,,,,,,,,,,,,,,,,,,,,,,,,,,,,,,,,,,,,,,,,,,,,,,,,,,,,,,,,,,,,,,,,,,,,,<e>
23227,<b>,3,1,<e>,<b>,3,2,1,<e>,<b>,2,1,<e>,<b>,3,2,3,4,1,<e>,<b>,2,1,<e>,<b>,5,1,<e>,<b>,3,1,<e>,<e>
23227,<b>,3,1,<e>,<b>,3,2,1,<e>,<b>,3,2,3,1,<e>,<b>,3,2,3,2,2,1,<e>,<b>,955,<e>,<b>,955,<e>,<b>,955,<e>,<e>
23227,<b>,3,2,2,1,<e>,<b>,2,1,<e>,<b>,955,<e>,<b>,3,1,<e>,<b>,955,<e>,<b>,955,<e>,<b>,3,1,<e>,<e>
23227,<b>,3,2,1,<e>,<b>,955,<e>,<b>,955,<e>,<b>,955,<e>,<b>,5,2,1,<e>,,,,,,,,,,,,,,,,,,,,,,,,,,,,,,,,,,,,,,,,,,,,,,,,,,,,,,,,,,,,,,,,,,,,,,,,,,,,,,,,,,,,,,,,,,,,,,,,,,,,,,,,,,,,,,,,,,,,,,,,,,,,,,,,,,<b>,955,<e>,<b>,955,<e>,<e>
23236,<b>,3,2,1,<e>,<b>,955,<e>,<b>,3,2,1,<e>,<b>,3,1,<e>,<b>,2,1,<e>,<b>,2,1,<e>,<b>,2,1,<e>,<e>
23236,<b>,3,1,<e>,<b>,3,1,<e>,<b>,955,<e>,<b>,3,2,1,<e>,<b>,2,2,5,2,1,<e>,<b>,2,1,<e>,<b>,955,<e>,<e>
23236,<b>,2,2,2,1,<e>,<b>,2,2,1,<e>,<b>,955,<e>,<b>,955,<e>,<b>,955,<e>,<b>,955,<e>,<b>,955,<e>,<e>
23236,<b>,3,1,<e>,<b>,955,<e>,<b>,2,1,<e>,,,,,,,,,,,,,,,,,,,,,,,,,,,,,,,,,,,,,,,,,,,,,,,,,,,,,,,,,,,,,,,,,,,,,,,,,,,,,,,,,,,,,,,,,,,,,,,,,,,,,,,,,,,,,,,,,,,,,,,,,,,,,,,,,,,,,,,,,,,,,,,,<b>,955,<e>,<b>,955,<e>,<b>,955,<e>,<b>,955,<e>,<e>
23011,<b>,3,4,2,1,<e>,<b>,3,2,3,2,1,<e>,<b>,3,4,2,4,3,1,<e>,<b>,4,2,2,2,1,<e>,<b>,4,2,1,<e>,<b>,3,2,4,4,4,3,2,1,<e>,<b>,3,2,3,4,4,1,<e>,<e>
23011,<b>,3,4,4,3,1,<e>,<b>,3,4,2,4,3,1,<e>,<b>,3,4,4,1,<e>,<b>,2,1,2,1,<e>,<b>,2,2,1,<e>,<b>,955,<e>,<b>,955,<e>,<e>
23011,<b>,2,4,2,2,1,<e>,<b>,2,2,2,2,4,2,1,<e>,<b>,2,2,2,1,<e>,<b>,3,4,2,2,2,3,3,1,<e>,<b>,3,2,2,2,4,3,2,1,<e>,<b>,2,3,2,3,1,<e>,<b>,3,4,2,3,1,<e>,<e>
23011,<b>,3,4,2,1.0,<e>,<b>,3.0,2.0,3,2,3,1.0,<e>,<b>,3,2,4,4,2.0,3,1,<e>,<b>,3,4.0,4.0,2,3,2.0,1.0,<e>,<b>,4,2.0,1,<e>,<b>,4,2.0,2.0,2,1,<e>,<b>,3,4,3,1.0,<e>,,,,,,,,,,,,,,,,,,,,,,,,<e>
23015,<b>,5,2,1,<e>,<b>,3,2,3,1,2,1,<e>,<b>,3,2,3,1,<e>,<b>,2,1,2,1,2,1,<e>,<b>,2,1,<e>,<b>,3,2,3,2,2,1,<e>,<b>,3,2,3,2,1,<e>,<e>
23015,<b>,2,1,<e>,<b>,2,1,<e>,<b>,2,1,<e>,<b>,955,<e>,<b>,955,<e>,<b>,955,<e>,<b>,955,<e>,<e>
23015,<b>,2,1,<e>,<b>,2,2,1,<e>,<b>,955,<e>,<b>,955,<e>,<b>,955,<e>,<b>,955,<e>,<b>,955,<e>,<e>
23015,<b>,3,2,1,<e>,<b>,955,<e>,<b>,3,2,1,<e>,,,,,,,,,,,,,,,,,,,,,,,,,,,,,,,,,,,,,,,,,,,,,,,,,,,,,,,,,,,,,,,,,,,,,,,,,,,,,,,,,,,,,,,,,,,,,,,,,,,,,,,,,,,,,,,,,,,,,,,,,,,,,,,,,,,,,,,,<b>,955,<e>,<b>,955,<e>,<b>,955,<e>,<b>,955,<e>,<e>
23016,<b>,3,1,<e>,<b>,955,<e>,<b>,955,<e>,<b>,955,<e>,<b>,955,<e>,<b>,955,<e>,<b>,955,<e>,<e>
23016,<b>,2,1,<e>,<b>,955,<e>,<b>,2,2,1,2,1,<e>,<b>,5,2,2,1,<e>,<b>,955,<e>,<b>,955,<e>,<b>,955,<e>,<e>
23016,<b>,2,2,1,<e>,<b>,2,2,1,<e>,<b>,2,1,<e>,<b>,3,1,<e>,<b>,3,1,<e>,<b>,3,2,1,<e>,<b>,3,1,<e>,<e>
23016,<b>,2,1,<e>,<b>,3,2,1,<e>,<b>,3,2,1,<e>,<b>,3,2,1,<e>,<b>,2,1,<e>,<b>,2,2,1,<e>,<b>,3,2,1,<e>,,,,,,,,,,,,,,,,,,,,,,,,,,,,,,,,,,,,,,,,,,,,,,,,,,,,,,,,,,,,,,,,,,,,,,,,,,,,,,,,,,,,,,,,,,,,,,,,,,,,,,,,,,,,,,,,,,,,,,,,,,,,,,,,<e>
23020,<b>,2,1,<e>,<b>,955,<e>,<b>,955,<e>,<b>,955,<e>,<b>,955,<e>,<b>,955,<e>,<b>,955,<e>,<e>
23020,<b>,2,2,1,2,1,<e>,<b>,955,<e>,<b>,2,2,3,1,<e>,<b>,955,<e>,<b>,955,<e>,<b>,955,<e>,<b>,955,<e>,<e>
23020,<b>,2,5,1,<e>,<b>,2,1,2,1,2,1,<e>,<b>,955,<e>,<b>,955,<e>,<b>,955,<e>,<b>,955,<e>,<b>,955,<e>,<e>
23020,<b>,3,1,<e>,<b>,955,<e>,<b>,2,1,5,2,1,<e>,<b>,2,1,<e>,<b>,2,2,1,<e>,,,,,,,,,,,,,,,,,,,,,,,,,,,,,,,,,,,,,,,,,,,,,,,,,,,,,,,,,,,,,,,,,,,,,,,,,,,,,,,,,,,,,,,,,,,,,,,,,,,,,,,,,,,,,,,,,,,,,,,,,,,,,,,,,,,,,,,,,,,,,,,,,,,,,,,,,,,,,,,,,,,<b>,955,<e>,<b>,955,<e>,<e>
23026,<b>,4,1,<e>,<b>,3,4,1,<e>,<b>,3,4,3,1,<e>,<b>,955,<e>,<b>,955,<e>,<b>,3,4,3,1,<e>,<b>,3,1,<e>,<e>
23026,<b>,3,4,3,1,<e>,<b>,3,4,3,1,<e>,<b>,3,4,3,1,<e>,<b>,955,<e>,<b>,955,<e>,<b>,955,<e>,<b>,955,<e>,<e>
23026,<b>,2,1,<e>,<b>,955,<e>,<b>,955,<e>,<b>,3,1,<e>,<b>,4,3,1,<e>,<b>,3,1,<e>,<b>,4,3,1,<e>,<e>
23026,<b>,3,1,<e>,<b>,3,4,3,1,<e>,<b>,3,4,4,3,1,<e>,<b>,4,4,1,<e>,<b>,955,<e>,<b>,955,<e>,<b>,3,4,1,<e>,,,,,,,,,,,,,,,,,,,,,,,,,,,,,,,,,,,,,,,,,,,,,,,,,,,,,,,,,,,,,,,,,,,,,,,,,,,,,,,,,,,,,,,,,,,,,,,,,,,,,,,,,,,,,,,,,,,,,,,,,<e>
23102,<b>,3,2,2,1,3,2,1,<e>,<b>,5,1,5,2,5,1,2,1,5,1,<e>,<b>,5,2,1,2,2,1,2,1,5,1,<e>,<b>,3,2,1,5,2,1,<e>,<b>,2,1,5,5,5,2,1,5,2,1,<e>,<b>,3,3,5,1,<e>,<b>,2,2,1,3,1,<e>,<e>
23102,<b>,5,1,3,2,1,2,1,5,1,2,1,<e>,<b>,5,2,1,5,2,1,<e>,<b>,955,<e>,<b>,955,<e>,<b>,3,1,3,1,<e>,<b>,955,<e>,<b>,955,<e>,<e>
23102,<b>,2,1,3,1,3,3,1,<e>,<b>,2,2,1,3,5,1,<e>,<b>,3,1,3,1,<e>,<b>,3,1,5,1,<e>,<b>,3,1,2,2,2,2,1,3,5,1,<e>,<b>,955,<e>,<b>,2,1,3,1,3,1,<e>,<e>
23102,<b>,3.0,1,<e>,<b>,3,1,<e>,<b>,3.0,1.0,2,1,2,1,<e>,<b>,5,2,2,2,2.0,2,1.0,<e>,<b>,3.0,1.0,5,1,<e>,<b>,5,2,2,1,3,1.0,<e>,<b>,3.0,1.0,5,1,<e>,,,,,,,,,,,,,,,,,,,,,,,,,,<e>
23153,<b>,4,4,2,1,<e>,<b>,4,1,<e>,<b>,4,5,2,1,<e>,<b>,5,1,<e>,<b>,2,2,1,<e>,<b>,4,1,<e>,<b>,4,2,4,1,<e>,<e>
23153,<b>,4,2,1,<e>,<b>,955,<e>,<b>,5,2,1,<e>,<b>,955,<e>,<b>,955,<e>,<b>,955,<e>,<b>,955,<e>,<e>
23153,<b>,4,1,2,2,1,<e>,<b>,2,2,2,1,<e>,<b>,955,<e>,<b>,955,<e>,<b>,955,<e>,<b>,955,<e>,<b>,955,<e>,<e>
23153,<b>,4,2,2,1,<e>,<b>,4,2,1,<e>,<b>,4,1,<e>,<b>,4,2,1,<e>,<b>,2,2,2,1,<e>,,,,,,,,,,,,,,,,,,,,,,,,,,,,,,,,,,,,,,,,,,,,,,,,,,,,,,,,,,,,,,,,,,,,,,,,,,,,,,,,,,,,,,,,,,,,,,,,,,,,,,,,,,,,,,,,,,,,,,,,,,,,,,,,,<b>,955,<e>,<b>,955,<e>,<e>
23206,<b>,3,1,<e>,<b>,3,1,<e>,<b>,3,1,<e>,<b>,2,1,<e>,<b>,5,5,1,<e>,<b>,3,1,<e>,<b>,3,1,<e>,<e>
23206,<b>,3,1,<e>,<b>,3,1,<e>,<b>,3,1,<e>,<b>,5,2,1,<e>,<b>,2,5,1,<e>,<b>,955,<e>,<b>,955,<e>,<e>
23206,<b>,2,1,<e>,<b>,2,1,<e>,<b>,955,<e>,<b>,955,<e>,<b>,955,<e>,<b>,955,<e>,<b>,955,<e>,<e>
23206,<b>,5,2,1,<e>,<b>,955,<e>,<b>,2,1,<e>,,,,,,,,,,,,,,,,,,,,,,,,,,,,,,,,,,,,,,,,,,,,,,,,,,,,,,,,,,,,,,,,,,,,,,,,,,,,,,,,,,,,,,,,,,,,,,,,,,,,,,,,,,,,,,,,,,,,,,,,,,,,,,,,,,,,,,,,,,,,,,,,,<b>,955,<e>,<b>,955,<e>,<b>,955,<e>,<b>,955,<e>,<e>
23013,<b>,3,1,<e>,<b>,955,<e>,<b>,2,1,<e>,,,,,,,,,,,,,,,,,,,,,,,,,,,,,,,,,,,,,,,,,,,,,,,,,,,,,,,,,,,,,,,,,,,,,,,,,,,,,,,,,,,,,,,,,,,,,,,,,,,,,,,,,,,,,,,,,,,,,,,,,,,,,,,,,,,,,,,,,,,,,,,,,,,,,,,,,,,,,,,,,,,,,,,,,,,,,,,,,,,,,,,,,,,,,,,,,,,,,,,,,,,,,<b>,955,<e>,<b>,955,<e>,<b>,955,<e>,<b>,955,<e>,<e>
23022,<b>,5,3,5,1,<e>,<b>,5,3,5,1,<e>,<b>,5,3,5,1,<e>,<b>,5,1,<e>,<b>,5,1,<e>,,,,,,,,,,,,,,,,,,,,,,,,,,,,,,,,,,,,,,,,,,,,,,,,,,,,,,,,,,,,,,,,,,,,,,,,,,,,,,,,,,,,,,,,,,,,,,,,,,,,,,,,,,,,,,,,,,,,,,,,,,,,,,,,,,,,,,,,,,,,,,,,,,,,,,,,,,,,,,,,,,,,,,,,,,,,,,,,,,,,,,,,,,,<b>,955,<e>,<b>,955,<e>,<e>
23029,<b>,3,1,<e>,,,,,,,,,,,,,,,,,,,,,,,,,,,,,,,,,,,,,,,,,,,,,,,,,,,,,,,,,,,,,,,,,,,,,,,,,,,,,,,,,,,,,,,,,,,,,,,,,,,,,,,,,,,,,,,,,,,,,,,,,,,,,,,,,,,,,,,,,,,,,,,,,,,,,,,,,,,,,,,,,,,,,,,,,,,,,,,,,,,,,,,,,,,,,,,,,,,,,,,,,,,,,,,,,<b>,955,<e>,<b>,955,<e>,<b>,955,<e>,<b>,955,<e>,<b>,955,<e>,<b>,955,<e>,<e>
23087,<b>,2,1,<e>,<b>,2,1,<e>,<b>,2,2,1,<e>,<b>,2,1,<e>,<b>,2,2,1,<e>,<b>,955,<e>,<b>,955,<e>,<e>
23087,<b>,2,1,<e>,<b>,955,<e>,<b>,955,<e>,<b>,955,<e>,<b>,955,<e>,<b>,955,<e>,<b>,955,<e>,<e>
23087,<b>,2,1,<e>,<b>,2,2,1,<e>,<b>,955,<e>,<b>,955,<e>,<b>,955,<e>,<b>,955,<e>,<b>,955,<e>,<e>
23087,<b>,2,1,<e>,<b>,2,1,<e>,,,,,,,,,,,,,,,,,,,,,,,,,,,,,,,,,,,,,,,,,,,,,,,,,,,,,,,,,,,,,,,,,,,,,,,,,,,,,,,,,,,,,,,,,,,,,,,,,,,,,,,,,,,,,,,,,,,,,,,,,,,,,,,,,,,,,,,,,,,,,,,,,,,,,,,,,,,,,,,,,,,,,,,,,,<b>,955,<e>,<b>,955,<e>,<b>,955,<e>,<b>,955,<e>,<b>,955,<e>,<e>
23094,<b>,3,1,<e>,<b>,3,1,2,1,<e>,<b>,955,<e>,<b>,955,<e>,<b>,3,1,<e>,<b>,3,2,3,1,1,<e>,<b>,3,2,1,1,<e>,<e>
23094,<b>,3,2,3,1,<e>,<b>,3,2,3,1,2,1,1,<e>,<b>,955,<e>,<b>,3,2,1,2,1,<e>,<b>,955,<e>,<b>,955,<e>,<b>,955,<e>,<e>
23094,<b>,2,1,<e>,<b>,3,1,2,1,<e>,<b>,955,<e>,<b>,3,2,3,1,<e>,<b>,3,2,3,1,<e>,<b>,3,2,3,1,<e>,<b>,3,2,3,1,<e>,<e>
23094,<b>,3,2,3,1,<e>,<b>,3,2,3,1,<e>,<b>,3,2,3,1,<e>,<b>,955,<e>,<b>,955,<e>,<b>,3,1,<e>,<b>,3,1,<e>,,,,,,,,,,,,,,,,,,,,,,,,,,,,,,,,,,,,,,,,,,,,,,,,,,,,,,,,,,,,,,,,,,,,,,,,,,,,,,,,,,,,,,,,,,,,,,,,,,,,,,,,<e>
23115,<b>,3,1,<e>,<b>,955,<e>,<b>,955,<e>,<b>,955,<e>,<b>,955,<e>,<b>,955,<e>,<b>,955,<e>,<e>
23115,<b>,4,1,1,1,<e>,<b>,955,<e>,<b>,2,1,<e>,<b>,955,<e>,<b>,955,<e>,<b>,955,<e>,<b>,955,<e>,<e>
23115,<b>,2,2,1,<e>,<b>,955,<e>,<b>,2,2,1,<e>,<b>,955,<e>,<b>,955,<e>,<b>,955,<e>,<b>,955,<e>,<e>
23115,<b>,2,2,1,<e>,<b>,3,2,1,<e>,<b>,3,2,2,1,<e>,<b>,955,<e>,<b>,955,<e>,<b>,955,<e>,<b>,2,3,1,<e>,,,,,,,,,,,,,,,,,,,,,,,,,,,,,,,,,,,,,,,,,,,,,,,,,,,,,,,,,,,,,,,,,,,,,,,,,,,,,,,,,,,,,,,,,,,,,,,,,,,,,,,,,,,,,,,,,,,,,,,,,,,,,,,,,,,,,,,,,,,,,,,,,,,,,,,,,,,,,,,,,,,,,,,,<e>
23131,<b>,3,1,<e>,<b>,955,<e>,<b>,3,1,<e>,,,,,,,,,,,,,,,,,,,,,,,,,,,,,,,,,,,,,,,,,,,,,,,,,,,,,,,,,,,,,,,,,,,,,,,,,,,,,,,,,,,,,,,,,,,,,,,,,,,,,,,,,,,,,,,,,,,,,,,,,,,,,,,,,,,,,,,,,,,,,,,,,,,,,,,,,,,,,,,,,,,,,,,,,,,,,,,,,,,,,,,,,,,,,,,,,,,,,,,,,,,,,<b>,955,<e>,<b>,955,<e>,<b>,955,<e>,<b>,955,<e>,<e>
23145,<b>,3,1,<e>,<b>,3,4,1,<e>,<b>,2,2,1,<e>,<b>,2,2,2,1,<e>,<b>,3,2,5,1,<e>,<b>,3,1,<e>,<b>,3,1,<e>,<e>
23145,<b>,3,2,1,<e>,<b>,2,1,<e>,<b>,955,<e>,<b>,2,1,<e>,<b>,955,<e>,<b>,955,<e>,<b>,955,<e>,<e>
23145,<b>,2,2,2,1,<e>,<b>,2,1,<e>,<b>,3,2,1,<e>,<b>,955,<e>,<b>,955,<e>,<b>,955,<e>,<b>,3,4,1,<e>,<e>
23145,<b>,3,2,1,<e>,<b>,3,2,1,<e>,<b>,5,3,2,1,<e>,<b>,3,1,<e>,<b>,2,2,2,2,1,<e>,<b>,955,<e>,<b>,3,2,1,<e>,,,,,,,,,,,,,,,,,,,,,,,,,,,,,,,,,,,,,,,,,,,,,,,,,,,,,,,,,,,,,,,,,,,,,,,,,,,,,,,,,,,,,,,,,,,,,,,,,,,,,,,,,,,,,,,,,,<e>
23190,<b>,3,5,3,1,<e>,,,,,,,,,,,,,,,,,,,,,,,,,,,,,,,,,,,,,,,,,,,,,,,,,,,,,,,,,,,,,,,,,,,,,,,,,,,,,,,,,,,,,,,,,,,,,,,,,,,,,,,,,,,,,,,,,,,,,,,,,,,,,,,,,,,,,,,,,,,,,,,,,,,,,,,,,,,,,,,,,,,,,,,,,,,,,,,,,,,,,,,,,,,,,,,,,,,,,,,,,,,,,,,<b>,955,<e>,<b>,955,<e>,<b>,955,<e>,<b>,955,<e>,<b>,955,<e>,<b>,955,<e>,<e>
23195,<b>,3,1,<e>,<b>,3,1,<e>,<b>,3,1,<e>,<b>,955,<e>,<b>,3,1,<e>,<b>,3,1,<e>,<b>,3,5,1,<e>,<e>
23195,<b>,3,1,<e>,<b>,3,1,<e>,<b>,3,1,<e>,<b>,5,2,1,<e>,<b>,955,<e>,<b>,955,<e>,<b>,955,<e>,<e>
23195,<b>,3,1,<e>,<b>,2,1,<e>,<b>,2,1,<e>,<b>,5,1,<e>,<b>,3,2,3,1,<e>,<b>,3,1,<e>,<b>,5,1,<e>,<e>
23195,<b>,3,1,<e>,<b>,3,2,1,<e>,<b>,3,4,1,<e>,<b>,3,1,<e>,<b>,3,2,1,5,1,<e>,<b>,2,1,<e>,<b>,3,1,<e>,,,,,,,,,,,,,,,,,,,,,,,,,,,,,,,,,,,,,,,,,,,,,,,,,,,,,,,,,,,,,,,,,,,,,,,,,,,,,,,,,,,,,,,,,,,,,,,,,,,,,,,,,,,,<e>
23199,<b>,3,1,<e>,<b>,3,1,<e>,<b>,955,<e>,<b>,955,<e>,<b>,955,<e>,<b>,955,<e>,<b>,955,<e>,<e>
23199,<b>,3,1,<e>,<b>,3,1,<e>,<b>,955,<e>,<b>,955,<e>,<b>,955,<e>,<b>,3,1,<e>,<b>,3,1,<e>,<e>
23199,<b>,3,1,<e>,<b>,955,<e>,<b>,955,<e>,<b>,955,<e>,<b>,955,<e>,<b>,3,1,<e>,,,,,,,,,,,,,,,,,,,,,,,,,,,,,,,,,,,,,,,,,,,,,,,,,,,,,,,,,,,,,,,,,,,,,,,,,,,,,,,,,,,,,,,,,,,,,,,,,,,,,,,,,,,,,,,,,,,,,,,,,,,,,,,,,,,,,,,,,,,,,,,,,,,,,,,,,,,,,,,,,,,,,,,,,,,,,,,,,,,,,<b>,955,<e>,<e>
23230,<b>,3,3,1,1,<e>,<b>,3,3,1,1,<e>,<b>,2,5,1,2,1,<e>,<b>,2,5,1,<e>,<b>,955,<e>,<b>,955,<e>,<b>,955,<e>,<e>
23230,<b>,3,3,5,1,<e>,<b>,5,5,5,1,<e>,<b>,955,<e>,<b>,955,<e>,<b>,955,<e>,<b>,955,<e>,<b>,955,<e>,<e>
23230,<b>,5,5,5,1,<e>,<b>,5,1,<e>,<b>,955,<e>,<b>,955,<e>,<b>,955,<e>,<b>,955,<e>,<b>,955,<e>,<e>
23230,<b>,5,1,<e>,,,,,,,,,,,,,,,,,,,,,,,,,,,,,,,,,,,,,,,,,,,,,,,,,,,,,,,,,,,,,,,,,,,,,,,,,,,,,,,,,,,,,,,,,,,,,,,,,,,,,,,,,,,,,,,,,,,,,,,,,,,,,,,,,,,,,,,,,,,,,,,,,,,,,,,,,,,,,,,,,,,<b>,955,<e>,<b>,955,<e>,<b>,955,<e>,<b>,955,<e>,<b>,955,<e>,<b>,955,<e>,<e>
23008,<b>,3,1,<e>,<b>,2,1,<e>,<b>,3,2,1,<e>,<b>,3,1,<e>,<b>,2,1,<e>,<b>,5,5,2,1,1,<e>,<b>,955,<e>,<e>
23008,<b>,3,1,<e>,<b>,955,<e>,<b>,3,2,2,1,1,<e>,<b>,955,<e>,<b>,955,<e>,<b>,955,<e>,<b>,955,<e>,<e>
23008,<b>,3,5,2,2,1,<e>,<b>,3,2,2,2,1,<e>,<b>,955,<e>,<b>,955,<e>,<b>,955,<e>,<b>,955,<e>,<b>,955,<e>,<e>
23008,<b>,3,1,1,<e>,,,,,,,,,,,,,,,,,,,,,,,,,,,,,,,,,,,,,,,,,,,,,,,,,,,,,,,,,,,,,,,,,,,,,,,,,,,,,,,,,,,,,,,,,,,,,,,,,,,,,,,,,,,,,,,,,,,,,,,,,,,,,,,,,,,,,,,,,,,,,,,,,,,,,,,,,,,<b>,955,<e>,<b>,955,<e>,<b>,955,<e>,<b>,955,<e>,<b>,955,<e>,<b>,955,<e>,<e>
23012,<b>,4,1,<e>,<b>,4,2,1,<e>,<b>,3,2,1,<e>,<b>,2,2,1,<e>,<b>,3,1,<e>,<b>,4,3,1,<e>,<b>,3,2,1,1,<e>,<e>
23012,<b>,3,1,<e>,<b>,3,1,<e>,<b>,3,4,3,2,1,<e>,<b>,955,<e>,<b>,955,<e>,<b>,955,<e>,<b>,955,<e>,<e>
23012,<b>,3,1,<e>,<b>,2,4,2,2,1,<e>,<b>,3,1,<e>,<b>,4,3,1,<e>,<b>,4,3,4,1,<e>,<b>,955,<e>,<b>,4,2,1,<e>,<e>
23012,<b>,3,1,<e>,<b>,4,2,2,1,<e>,<b>,955,<e>,<b>,3,1,<e>,<b>,3,1,<e>,<b>,5,1,<e>,<b>,4,3,2,1,<e>,,,,,,,,,,,,,,,,,,,,,,,,,,,,,,,,,,,,,,,,,,,,,,,,,,,,,,,,,,,,,,,,,,,,,,,,,,,,,,,,,,,,,,,,,,,,,,,,,,,,,,,,,<e>
23077,<b>,2,1,<e>,,,,,,,,,,,,,,,,,,,,,,,,,,,,,,,,,,,,,,,,,,,,,,,,,,,,,,,,,,,,,,,,,,,,,,,,,,,,,,,,,,,,,,,,,,,,,,,,,,,,,,,,,,,,,,,,,,,,,,,,,,,,,,,,,,,,,,,,,,,,,,,,,,,,,,,,,,,,,,,,,,,,,,,,,,,,,,,,,,,,,,,,,,,,,,,,,,,,,,,,,,,,,,,,,<b>,955,<e>,<b>,955,<e>,<b>,955,<e>,<b>,955,<e>,<b>,955,<e>,<b>,955,<e>,<e>
23151,<b>,4,2,1,<e>,<b>,955,<e>,<b>,4,2,1,<e>,<b>,955,<e>,<b>,3,2,1,<e>,<b>,955,<e>,<b>,5,4,2,1,<e>,<e>
23151,<b>,4,1,2,1,<e>,<b>,2,1,<e>,<b>,2,1,<e>,<b>,955,<e>,<b>,955,<e>,<b>,955,<e>,<b>,955,<e>,<e>
23151,<b>,2,1,<e>,<b>,2,1,<e>,<b>,955,<e>,<b>,955,<e>,<b>,955,<e>,<b>,955,<e>,<b>,955,<e>,<e>
23151,<b>,2,1,<e>,<b>,2,1,<e>,<b>,2,1,<e>,,,,,,,,,,,,,,,,,,,,,,,,,,,,,,,,,,,,,,,,,,,,,,,,,,,,,,,,,,,,,,,,,,,,,,,,,,,,,,,,,,,,,,,,,,,,,,,,,,,,,,,,,,,,,,,,,,,,,,,,,,,,,,,,,,,,,,,,,,,,,,,,,,,,,,,,,,,,,,<b>,955,<e>,<b>,955,<e>,<b>,955,<e>,<b>,955,<e>,<e>
23220,<b>,3,1,<e>,<b>,955,<e>,<b>,3,1,<e>,<b>,955,<e>,<b>,955,<e>,<b>,955,<e>,<b>,955,<e>,<e>
23220,<b>,3,1,<e>,<b>,955,<e>,<b>,3,1,<e>,,,,,,,,,,,,,,,,,,,,,,,,,,,,,,,,,,,,,,,,,,,,,,,,,,,,,,,,,,,,,,,,,,,,,,,,,,,,,,,,,,,,,,,,,,,,,,,,,,,,,,,,,,,,,,,,,,,,,,,,,,,,,,,,,,,,,,,,,,,,,,,,,,,,,,,,,,,,,,,,,,,,,,,,,,,,,,,,,,,,,,,,,,,,,,,,,,,,,<b>,955,<e>,<b>,955,<e>,<b>,955,<e>,<b>,955,<e>,<e>
23049,<b>,2,1,<e>,<b>,2,1,<e>,<b>,955,<e>,<b>,955,<e>,<b>,955,<e>,<b>,955,<e>,<b>,955,<e>,<e>
23049,<b>,2,1,<e>,<b>,955,<e>,<b>,955,<e>,<b>,955,<e>,<b>,955,<e>,<b>,955,<e>,<b>,955,<e>,<e>
23049,<b>,2,1,<e>,<b>,2,1,<e>,<b>,955,<e>,<b>,2,1,<e>,<b>,955,<e>,<b>,2,1,<e>,<b>,955,<e>,<e>
23049,<b>,2,1,<e>,<b>,2,1,<e>,<b>,2,1,<e>,<b>,955,<e>,<b>,2,1,<e>,,,,,,,,,,,,,,,,,,,,,,,,,,,,,,,,,,,,,,,,,,,,,,,,,,,,,,,,,,,,,,,,,,,,,,,,,,,,,,,,,,,,,,,,,,,,,,,,,,,,,,,,,,,,,,,,,,,,,,,,,,,,,,,,,,,,,,,,,,,,,,,,,,,,,,,,,,,,,,,,,,,,,,,,,<b>,955,<e>,<b>,955,<e>,<e>
23055,<b>,5,2,1,<e>,<b>,5,1,<e>,,,,,,,,,,,,,,,,,,,,,,,,,,,,,,,,,,,,,,,,,,,,,,,,,,,,,,,,,,,,,,,,,,,,,,,,,,,,,,,,,,,,,,,,,,,,,,,,,,,,,,,,,,,,,,,,,,,,,,,,,,,,,,,,,,,,,,,,,,,,,,,,,,,,,,,,,,,,,,,,,,,,,,,,,,,,,,,,,,,,,,,,,,,,,,,,,,,,,,,,,,,,<b>,955,<e>,<b>,955,<e>,<b>,955,<e>,<b>,955,<e>,<b>,955,<e>,<e>
23078,<b>,3,1,<e>,<b>,3,1,<e>,<b>,955,<e>,<b>,3,1,<e>,<b>,3,1,<e>,<b>,3,1,<e>,<b>,3,1,<e>,<e>
23078,<b>,3,1,<e>,<b>,955,<e>,<b>,955,<e>,<b>,955,<e>,<b>,955,<e>,<b>,955,<e>,<b>,955,<e>,<e>
23078,<b>,3,1,<e>,<b>,2,1,<e>,<b>,955,<e>,<b>,3,1,<e>,<b>,3,1,<e>,<b>,3,1,<e>,<b>,3,4,1,<e>,<e>
23078,<b>,3,4,1,<e>,<b>,3,4,1,<e>,<b>,3,4,1,<e>,<b>,3,4,1,<e>,<b>,3,4,1,<e>,,,,,,,,,,,,,,,,,,,,,,,,,,,,,,,,,,,,,,,,,,,,,,,,,,,,,,,,,,,,,,,,,,,,,,,,,,,,,,,,,,,,,,,,,,,,,,,,,,,,,,,,,,,,,,,,,,,,,,,,,,,,,,,,,,,,,,,<b>,955,<e>,<b>,955,<e>,<e>
23160,<b>,5,1,<e>,<b>,955,<e>,<b>,955,<e>,<b>,955,<e>,<b>,955,<e>,<b>,955,<e>,<b>,5,1,<e>,,,,,,,,,,,,,,,,,,,,,,,,,,,,,,,,,,,,,,,,,,,,,,,,,,,,,,,,,,,,,,,,,,,,,,,,,,,,,,,,,,,,,,,,,,,,,,,,,,,,,,,,,,,,,,,,,,,,,,,,,,,,,,,,,,,,,,,,,,,,,,,,,,,,,,,,,,,,,,,,,,,,,,,,,,,,,,,,,,,,,,,,,,,,,,,,,,,,,,,,,,,,,<e>
23213,<b>,2,1,<e>,<b>,955,<e>,<b>,955,<e>,<b>,955,<e>,<b>,955,<e>,<b>,955,<e>,<b>,955,<e>,<e>
23213,<b>,2,1,<e>,<b>,955,<e>,<b>,955,<e>,<b>,955,<e>,<b>,955,<e>,<b>,955,<e>,<b>,955,<e>,<e>
23213,<b>,2,1,<e>,,,,,,,,,,,,,,,,,,,,,,,,,,,,,,,,,,,,,,,,,,,,,,,,,,,,,,,,,,,,,,,,,,,,,,,,,,,,,,,,,,,,,,,,,,,,,,,,,,,,,,,,,,,,,,,,,,,,,,,,,,,,,,,,,,,,,,,,,,,,,,,,,,,,,,,,,,,,,,,,,,,,,,,,,,,,,,,,,,,,,,,,,,,,,,,,,,,,,,,,,<b>,955,<e>,<b>,955,<e>,<b>,955,<e>,<b>,955,<e>,<b>,955,<e>,<b>,955,<e>,<e>
23229,<b>,2,1,2,1,<e>,<b>,2,1,<e>,<b>,4,1,<e>,<b>,3,1,<e>,<b>,955,<e>,<b>,955,<e>,<b>,955,<e>,<e>
23229,<b>,2,5,2,1,1,<e>,<b>,2,2,1,<e>,<b>,955,<e>,<b>,955,<e>,<b>,955,<e>,<b>,955,<e>,<b>,4,1,<e>,<e>
23229,<b>,4,2,1,<e>,<b>,4,2,3,1,<e>,<b>,4,4,2,4,1,<e>,<b>,955,<e>,<b>,955,<e>,<b>,2,1,<e>,,,,,,,,,,,,,,,,,,,,,,,,,,,,,,,,,,,,,,,,,,,,,,,,,,,,,,,,,,,,,,,,,,,,,,,,,,,,,,,,,,,,,,,,,,,,,,,,,,,,,,,,,,,,,,,,,,,,,,,,,,,,,,,,,,,,,,,,,,,,,,,,,,,,,,,,,,,,,<b>,955,<e>,<e>
23231,<b>,5,1,<e>,<b>,2,5,1,<e>,<b>,955,<e>,<b>,5,2,1,1,<e>,<b>,955,<e>,<b>,955,<e>,<b>,5,1,<e>,<e>
23231,<b>,5,1,<e>,<b>,955,<e>,<b>,955,<e>,<b>,955,<e>,<b>,955,<e>,<b>,955,<e>,<b>,955,<e>,<e>
23231,<b>,5,1,<e>,,,,,,,,,,,,,,,,,,,,,,,,,,,,,,,,,,,,,,,,,,,,,,,,,,,,,,,,,,,,,,,,,,,,,,,,,,,,,,,,,,,,,,,,,,,,,,,,,,,,,,,,,,,,,,,,,,,,,,,,,,,,,,,,,,,,,,,,,,,,,,,,,,,,,,,,,,,,,,,,,,,,,,,,,,,,,,,,,,,,,,,,,,<b>,955,<e>,<b>,955,<e>,<b>,955,<e>,<b>,955,<e>,<b>,955,<e>,<b>,955,<e>,<e>
23017,<b>,3,2,1,1,<e>,<b>,955,<e>,<b>,955,<e>,<b>,955,<e>,<b>,955,<e>,<b>,955,<e>,<b>,2,1,<e>,<e>
23017,<b>,2,1,<e>,<b>,955,<e>,<b>,3,1,<e>,<b>,955,<e>,<b>,955,<e>,<b>,3,1,<e>,<b>,955,<e>,<e>
23017,<b>,4,4,1,<e>,,,,,,,,,,,,,,,,,,,,,,,,,,,,,,,,,,,,,,,,,,,,,,,,,,,,,,,,,,,,,,,,,,,,,,,,,,,,,,,,,,,,,,,,,,,,,,,,,,,,,,,,,,,,,,,,,,,,,,,,,,,,,,,,,,,,,,,,,,,,,,,,,,,,,,,,,,,,,,,,,,,,,,,,,,,,,,,,,,,,,,,,,,<b>,955,<e>,<b>,955,<e>,<b>,955,<e>,<b>,955,<e>,<b>,955,<e>,<b>,955,<e>,<e>
23038,<b>,3,3,3,4,1,<e>,<b>,3,4,1,<e>,<b>,955,<e>,<b>,3,1,<e>,<b>,3,4,1,<e>,<b>,955,<e>,<b>,955,<e>,<e>
23038,<b>,3,1,<e>,<b>,3,1,<e>,<b>,955,<e>,<b>,3,1,<e>,<b>,5,1,<e>,<b>,3,4,1,<e>,<b>,4,1,<e>,<e>
23038,<b>,3,1,<e>,<b>,955,<e>,<b>,955,<e>,<b>,955,<e>,<b>,955,<e>,<b>,955,<e>,<b>,3,1,<e>,,,,,,,,,,,,,,,,,,,,,,,,,,,,,,,,,,,,,,,,,,,,,,,,,,,,,,,,,,,,,,,,,,,,,,,,,,,,,,,,,,,,,,,,,,,,,,,,,,,,,,,,,,,,,,,,,,,,,,,,,,,,,,,,,,,,,,,,,,,,,,,,,,,,,,,,,,,,,,,<e>
23120,<b>,3,1,<e>,<b>,3,2,2,1,<e>,<b>,5,1,<e>,<b>,5,1,<e>,<b>,955,<e>,<b>,955,<e>,<b>,955,<e>,<e>
23120,<b>,2,1,2,1,<e>,<b>,955,<e>,<b>,5,2,2,1,<e>,<b>,3,1,<e>,<b>,5,1,<e>,<b>,5,1,<e>,<b>,5,1,<e>,<e>
23120,<b>,3,1,<e>,<b>,3,1,<e>,<b>,5,1,<e>,<b>,5,1,<e>,<b>,955,<e>,<b>,5,1,<e>,<b>,3,2,1,<e>,,,,,,,,,,,,,,,,,,,,,,,,,,,,,,,,,,,,,,,,,,,,,,,,,,,,,,,,,,,,,,,,,,,,,,,,,,,,,,,,,,,,,,,,,,,,,,,,,,,,,,,,,,,,,,,,,,,,,,,,,,,,,,,,,,,,,,,,,,,,,,<e>
23212,<b>,3,1,<e>,<b>,3,1,<e>,<b>,3,1,<e>,<b>,3,1,<e>,<b>,5,2,1,2,1,<e>,<b>,2,2,1,<e>,<b>,3,1,<e>,<e>
23212,<b>,2,2,1,<e>,<b>,2,2,1,<e>,<b>,2,1,<e>,<b>,3,1,<e>,<b>,3,1,<e>,<b>,3,5,2,1,<e>,<b>,3,2,1,<e>,<e>
23212,<b>,3,2,1,<e>,<b>,3,1,<e>,<b>,3,1,<e>,<b>,5,1,2,2,1,<e>,<b>,2,1,<e>,<b>,5,2,1,<e>,<b>,3,1,<e>,,,,,,,,,,,,,,,,,,,,,,,,,,,,,,,,,,,,,,,,,,,,,,,,,,,,,,,,,,,,,,,,,,,,,,,,,,,,,,,,,,,,,,,,,,,,,,,,,,,,,,,,,,,,,,,,,,,<e>
23204,<b>,5,1,<e>,<b>,955,<e>,<b>,955,<e>,<b>,955,<e>,<b>,955,<e>,<b>,955,<e>,<b>,955,<e>,<e>
23204,<b>,5,1,<e>,,,,,,,,,,,,,,,,,,,,,,,,,,,,,,,,,,,,,,,,,,,,,,,,,,,,,,,,,,,,,,,,,,,,,,,,,,,,,,,,,,,,,,,,,,,,,,,,,,,,,,,,,,,,,,,,,,,,,,,,,,,,,,,,,,,,,,,,,,,,,,,,,,,,,,,,,,,,,,,,,,,,,,,,,,,,,,,,,,,,,,,,,,,,,,,,,,,,,,,,,,,,,<b>,955,<e>,<b>,955,<e>,<b>,955,<e>,<b>,955,<e>,<b>,955,<e>,<b>,955,<e>,<e>
23117,<b>,3,5,1,<e>,<b>,955,<e>,<b>,3,3,2,1,<e>,<b>,5,1,<e>,<b>,955,<e>,<b>,955,<e>,<b>,955,<e>,<e>
23117,<b>,3,1,1,<e>,<b>,3,1,<e>,<b>,955,<e>,<b>,2,1,<e>,,,,,,,,,,,,,,,,,,,,,,,,,,,,,,,,,,,,,,,,,,,,,,,,,,,,,,,,,,,,,,,,,,,,,,,,,,,,,,,,,,,,,,,,,,,,,,,,,,,,,,,,,,,,,,,,,,,,,,,,,,,,,,,,,,,,,,,,,,,,,,,,,,,,,,,,,,,,,,,,,,,,,,,,,,,,,,,,,,,,,,,,,<b>,955,<e>,<b>,955,<e>,<b>,955,<e>,<e>
23135,<b>,5,2,5,4,2,1,<e>,<b>,2,1,2,1,<e>,,,,,,,,,,,,,,,,,,,,,,,,,,,,,,,,,,,,,,,,,,,,,,,,,,,,,,,,,,,,,,,,,,,,,,,,,,,,,,,,,,,,,,,,,,,,,,,,,,,,,,,,,,,,,,,,,,,,,,,,,,,,,,,,,,,,,,,,,,,,,,,,,,,,,,,,,,,,,,,,,,,,,,,,,,,,,,,,,,,,,,,,,,,,,,,,,,,,,,,<b>,955,<e>,<b>,955,<e>,<b>,955,<e>,<b>,955,<e>,<b>,955,<e>,<e>
23237,<b>,5,1,<e>,<b>,2,2,1,<e>,<b>,2,1,<e>,<b>,4,1,<e>,<b>,955,<e>,<b>,955,<e>,<b>,955,<e>,<e>
23237,<b>,4,4,2,2,1,<e>,<b>,955,<e>,<b>,2,1,1,<e>,<b>,2,2,1,2,1,<e>,<b>,955,<e>,<b>,955,<e>,<b>,955,<e>,<e>
23237,<b>,4,4,1,<e>,<b>,955,<e>,<b>,955,<e>,<b>,955,<e>,<b>,2,4,1,2,1,<e>,,,,,,,,,,,,,,,,,,,,,,,,,,,,,,,,,,,,,,,,,,,,,,,,,,,,,,,,,,,,,,,,,,,,,,,,,,,,,,,,,,,,,,,,,,,,,,,,,,,,,,,,,,,,,,,,,,,,,,,,,,,,,,,,,,,,,,,,,,,,,,,,,,,,,,,,,,,,,,,,,,,,,<b>,955,<e>,<b>,955,<e>,<e>
23165,<b>,4,1,<e>,<b>,955,<e>,<b>,955,<e>,<b>,955,<e>,<b>,955,<e>,<b>,955,<e>,<b>,955,<e>,<e>
23165,<b>,2,1,<e>,<b>,2,1,<e>,<b>,955,<e>,<b>,955,<e>,<b>,955,<e>,<b>,4,1,<e>,<b>,5,1,<e>,<e>
23165,<b>,4,1,<e>,<b>,955,<e>,<b>,955,<e>,<b>,955,<e>,<b>,955,<e>,<b>,4,5,1,<e>,,,,,,,,,,,,,,,,,,,,,,,,,,,,,,,,,,,,,,,,,,,,,,,,,,,,,,,,,,,,,,,,,,,,,,,,,,,,,,,,,,,,,,,,,,,,,,,,,,,,,,,,,,,,,,,,,,,,,,,,,,,,,,,,,,,,,,,,,,,,,,,,,,,,,,,,,,,,,,,,,,,,,,,,,,,,,,,,,,,,,,,,<b>,955,<e>,<e>
23183,<b>,5,3,1,<e>,<b>,955,<e>,<b>,955,<e>,<b>,955,<e>,<b>,955,<e>,<b>,955,<e>,<b>,955,<e>,<e>
23183,<b>,5,2,5,5,1,<e>,<b>,955,<e>,<b>,955,<e>,<b>,3,1,<e>,<b>,3,1,<e>,,,,,,,,,,,,,,,,,,,,,,,,,,,,,,,,,,,,,,,,,,,,,,,,,,,,,,,,,,,,,,,,,,,,,,,,,,,,,,,,,,,,,,,,,,,,,,,,,,,,,,,,,,,,,,,,,,,,,,,,,,,,,,,,,,,,,,,,,,,,,,,,,,,,,,,,,,,,,,,,,,,,,,,,,,,,,,,,,,,,,,,,,,,,,,,,,<b>,955,<e>,<b>,955,<e>,<e>
23216,<b>,3,1,<e>,<b>,955,<e>,<b>,955,<e>,<b>,955,<e>,<b>,955,<e>,<b>,955,<e>,<b>,955,<e>,<e>
23216,<b>,2,1,<e>,<b>,2,2,2,1,<e>,<b>,955,<e>,<b>,3,4,1,<e>,<b>,955,<e>,<b>,3,1,<e>,<b>,955,<e>,<e>
23216,<b>,3,1,<e>,,,,,,,,,,,,,,,,,,,,,,,,,,,,,,,,,,,,,,,,,,,,,,,,,,,,,,,,,,,,,,,,,,,,,,,,,,,,,,,,,,,,,,,,,,,,,,,,,,,,,,,,,,,,,,,,,,,,,,,,,,,,,,,,,,,,,,,,,,,,,,,,,,,,,,,,,,,,,,,,,,,,,,,,,,,,,,,,,,,,,,,,,,<b>,955,<e>,<b>,955,<e>,<b>,955,<e>,<b>,955,<e>,<b>,955,<e>,<b>,955,<e>,<e>
23033,<b>,2,1,<e>,<b>,2,1,<e>,,,,,,,,,,,,,,,,,,,,,,,,,,,,,,,,,,,,,,,,,,,,,,,,,,,,,,,,,,,,,,,,,,,,,,,,,,,,,,,,,,,,,,,,,,,,,,,,,,,,,,,,,,,,,,,,,,,,,,,,,,,,,,,,,,,,,,,,,,,,,,,,,,,,,,,,,,,,,,,,,,,,,,,,,,,,,,,,,,,,,,,,,,,,,,,,,,,,,,,,,,,,,<b>,955,<e>,<b>,955,<e>,<b>,955,<e>,<b>,955,<e>,<b>,955,<e>,<e>
23052,<b>,2,2,1,<e>,<b>,4,2,1,<e>,<b>,955,<e>,<b>,3,2,1,<e>,<b>,4,2,3,1,<e>,<b>,4,3,2,1,<e>,<b>,3,2,1,<e>,<e>
23052,<b>,4,3,1,<e>,<b>,4,3,1,<e>,<b>,4,5,4,2,4,2,3,1,<e>,<b>,955,<e>,<b>,955,<e>,<b>,4,2,1,<e>,,,,,,,,,,,,,,,,,,,,,,,,,,,,,,,,,,,,,,,,,,,,,,,,,,,,,,,,,,,,,,,,,,,,,,,,,,,,,,,,,,,,,,,,,,,,,,,,,,,,,,,,,,,,,,,,,,,,,,,,,,,,,,,,,,,,,,,,,,,,,,,,,,,,,,,,,,,,<b>,955,<e>,<e>
23174,<b>,2,1,<e>,<b>,955,<e>,<b>,955,<e>,<b>,4,1,<e>,,,,,,,,,,,,,,,,,,,,,,,,,,,,,,,,,,,,,,,,,,,,,,,,,,,,,,,,,,,,,,,,,,,,,,,,,,,,,,,,,,,,,,,,,,,,,,,,,,,,,,,,,,,,,,,,,,,,,,,,,,,,,,,,,,,,,,,,,,,,,,,,,,,,,,,,,,,,,,,,,,,,,,,,,,,,,,,,,,,,,,,,,,,,,,,,,,,,,,,,,,,,,<b>,955,<e>,<b>,955,<e>,<b>,955,<e>,<e>
23200,<b>,3,1,<e>,,,,,,,,,,,,,,,,,,,,,,,,,,,,,,,,,,,,,,,,,,,,,,,,,,,,,,,,,,,,,,,,,,,,,,,,,,,,,,,,,,,,,,,,,,,,,,,,,,,,,,,,,,,,,,,,,,,,,,,,,,,,,,,,,,,,,,,,,,,,,,,,,,,,,,,,,,,,,,,,,,,,,,,,,,,,,,,,,,,,,,,,,,,,,,,,,,,,,,,,,,,,,,,,,<b>,955,<e>,<b>,955,<e>,<b>,955,<e>,<b>,955,<e>,<b>,955,<e>,<b>,955,<e>,<e>
23085,<b>,2,1,<e>,<b>,955,<e>,<b>,955,<e>,<b>,2,1,<e>,<b>,2,2,1,<e>,<b>,955,<e>,<b>,955,<e>,<e>
23085,<b>,4,4,1,<e>,,,,,,,,,,,,,,,,,,,,,,,,,,,,,,,,,,,,,,,,,,,,,,,,,,,,,,,,,,,,,,,,,,,,,,,,,,,,,,,,,,,,,,,,,,,,,,,,,,,,,,,,,,,,,,,,,,,,,,,,,,,,,,,,,,,,,,,,,,,,,,,,,,,,,,,,,,,,,,,,,,,,,,,,,,,,,,,,,,,,,,,,,,,,,,,,,,,<b>,955,<e>,<b>,955,<e>,<b>,955,<e>,<b>,955,<e>,<b>,955,<e>,<b>,955,<e>,<e>
