21403,<b>,4,1,<e>,<b>,2,1,2,5,1,<e>,<b>,3,1,<e>,<b>,3,1,<e>,<b>,3,1,<e>,<b>,3,1,<e>,<b>,3,1,<e>,<b>,3,2,1,<e>,<b>,3,1,<e>,<b>,3,1,<e>,<b>,3,1,<e>,<b>,3,1,<e>,<b>,3,1,<e>,<b>,3,1,<e>,<b>,3,1,<e>,<b>,3,1,<e>,<b>,3,4,1,<e>,<b>,3,1,<e>,<b>,3,1,<e>,<b>,3,2,1,<e>,<b>,2,1,<e>,<b>,4,1,<e>,<b>,3,1,<e>,<b>,5,3,2,1,<e>,<b>,2,1,<e>,<b>,3,1,<e>,<b>,2,1,<e>,<b>,5,1,2,1,<e>,<b>,2,1,<e>,<b>,3,1,<e>,<b>,3,1,<e>,<b>,2,1,<e>,<b>,3,2,1,<e>
21404,<b>,3,2,1,<e>,<b>,2,1,<e>,<b>,3,4,2,1,<e>,<b>,3,1,<e>,<b>,4,3,2,1,<e>,<b>,4,3,2,1,<e>,<b>,3,4,1,<e>,<b>,3,4,1,<e>,<b>,2,1,<e>,<b>,3,1,<e>,<b>,3,2,1,<e>,<b>,3,1,<e>,<b>,3,2,1,<e>,<b>,2,1,<e>,<b>,3,2,1,<e>,<b>,3,4,2,1,<e>,<b>,3,2,1,<e>,<b>,3,2,1,<e>,<b>,3,2,1,<e>,<b>,3,2,1,<e>,<b>,3,2,1,<e>,<b>,2,1,<e>,<b>,3,2,1,<e>,<b>,3,2,1,<e>,<b>,3,1,<e>,<b>,3,2,1,<e>,<b>,3,2,5,2,1,<e>
21407,<b>,2,3,1,<e>,<b>,2,5,1,<e>,<b>,2,4,1,<e>,<b>,2,4,1,<e>,<b>,3,1,<e>,<b>,3,1,<e>,<b>,3,4,1,<e>,<b>,3,4,2,1,<e>,<b>,3,2,1,3,4,1,<e>,<b>,2,1,<e>,<b>,2,1,<e>,<b>,3,1,<e>,<b>,3,4,1,2,1,4,2,1,<e>,<b>,3,4,1,<e>,<b>,5,3,2,1,4,1,<e>,<b>,3,1,<e>,<b>,2,1,<e>,<b>,2,1,<e>,<b>,3,1,<e>,<b>,3,4,1,<e>,<b>,3,1,<e>,<b>,3,4,1,4,1,<e>,<b>,3,4,1,<e>,<b>,2,1,<e>,<b>,3,1,<e>,<b>,3,1,<e>,<b>,3,4,1,<e>,<b>,4,1,<e>,<b>,2,1,<e>,<b>,2,1,<e>,<b>,3,1,<e>,<b>,3,1,<e>,<b>,3,1,<e>,<b>,3,4,1,<e>,<b>,3,4,1,<e>,<b>,2,1,<e>,<b>,2,1,<e>,<b>,3,1,<e>,<b>,3,1,<e>,<b>,3,4,1,<e>,<b>,3,4,2,1,<e>,<b>,3,1,<e>,<b>,2,1,<e>,<b>,5,1,2,1,2,1,<e>,<b>,2,1,<e>,<b>,3,1,<e>,<b>,3,4,1,<e>
21409,<b>,3,1,<e>,<b>,2,1,<e>,<b>,3,1,<e>,<b>,3,2,1,<e>,<b>,3,1,<e>,<b>,3,2,1,2,1,<e>,<b>,5,2,1,<e>,<b>,2,1,5,1,<e>,<b>,2,1,<e>,<b>,2,1,3,1,<e>,<b>,4,1,<e>,<b>,2,1,2,1,2,1,<e>,<b>,3,2,1,2,1,<e>,<b>,5,1,2,1,<e>,<b>,2,1,<e>,<b>,2,1,2,1,<e>,<b>,2,1,<e>,<b>,2,1,5,1,<e>,<b>,3,2,1,<e>,<b>,3,2,1,<e>,<b>,5,2,1,<e>,<b>,2,1,<e>,<b>,3,2,1,<e>,<b>,2,1,2,1,<e>,<b>,4,1,2,1,<e>,<b>,3,2,1,<e>,<b>,4,1,2,1,<e>,<b>,2,1,5,2,1,5,1,<e>,<b>,2,1,5,2,1,<e>,<b>,3,2,1,<e>,<b>,2,5,2,1,<e>,<b>,2,1,<e>,<b>,2,1,2,1,2,1,<e>,<b>,3,2,1,<e>,<b>,5,2,1,2,1,<e>,<b>,2,1,2,1,<e>,<b>,3,2,1,5,1,<e>,<b>,5,1,<e>,<b>,3,2,1,<e>,<b>,3,2,1,<e>,<b>,4,5,2,1,<e>,<b>,2,1,<e>,<b>,2,1,2,1,<e>,<b>,5,2,1,<e>,<b>,2,1,2,1,<e>,<b>,2,1,2,1,<e>,<b>,4,2,1,5,1,<e>,<b>,3,1,<e>,<b>,5,1,5,1,<e>,<b>,2,1,<e>,<b>,4,1,<e>,<b>,2,1.0,2,1,<e>,<b>,3,2,1,<e>,<b>,3,2,1,5,1,<e>
21411,<b>,3,4,1,<e>,<b>,2,1,<e>,<b>,3,4,1,<e>,<b>,3,1,<e>,<b>,3,4,1,<e>,<b>,3,4,1,<e>,<b>,3,1,4,1,<e>,<b>,3,4,1,<e>,<b>,3,4,1,<e>,<b>,3,4,1,<e>,<b>,3,4,1,<e>,<b>,3,1,<e>,<b>,3,1,<e>,<b>,3,4,1,<e>,<b>,3,4,1,<e>,<b>,3,4,1,<e>,<b>,3,4,1,<e>,<b>,3,4,1,<e>,<b>,3,4,1,<e>,<b>,3,1,<e>,<b>,3,1,<e>,<b>,3,4,1,<e>,<b>,3,4,1,<e>,<b>,3,1,<e>,<b>,3,1,<e>,<b>,3,1,<e>,<b>,3,1,<e>,<b>,3,1,<e>,<b>,3,1,<e>,<b>,3,1,<e>,<b>,3,1,<e>
21418,<b>,3,3,1,<e>,<b>,2,1,<e>,<b>,3,1,<e>,<b>,3,2,1,2,1,<e>,<b>,3,1,<e>,<b>,3,2,1,<e>,<b>,3,2,1,2,1,<e>,<b>,2,1,2,1,<e>,<b>,3,2,1,<e>,<b>,3,2,1,<e>,<b>,3,1,<e>,<b>,3,2,1,<e>,<b>,5,3,1,<e>,<b>,2,1,<e>,<b>,3,2,1,<e>,<b>,3,1,<e>,<b>,3,1,2,1,<e>,<b>,3,2,1,<e>,<b>,3,1,2,1,<e>,<b>,2,1,<e>,<b>,5,2,1,<e>,<b>,3,2,1,<e>,<b>,3,1,<e>,<b>,3,2,1,<e>,<b>,3,2,1,<e>,<b>,5,1,2,1,<e>,<b>,2,1,<e>,<b>,3,1,2,1,<e>,<b>,3,1,<e>,<b>,3,2,1,2,1,<e>,<b>,3,2,1,2,1,<e>,<b>,5,1,<e>,<b>,2,1,<e>,<b>,5,1,5,1,<e>,<b>,3,1,2,1,2,1,<e>,<b>,3,2,1,<e>,<b>,3,2,1,4,1,<e>,<b>,2,1,2,1,<e>,<b>,3,2,1,<e>,<b>,3,2,1,<e>,<b>,3,2,1,<e>,<b>,3,4,1,<e>,<b>,3,1,<e>,<b>,2,1,<e>,<b>,2,1,<e>,<b>,3,1,<e>,<b>,2,1,<e>,<b>,3,2,1,<e>
21420,<b>,3,1,<e>,<b>,3,1,<e>,<b>,3,1,<e>,<b>,5,3,1,<e>,<b>,3,1,<e>,<b>,3,1,<e>,<b>,3,1,<e>,<b>,3,1,<e>,<b>,3,1,<e>,<b>,3,1,<e>,<b>,3,1,<e>,<b>,3,1,<e>,<b>,3,1,<e>,<b>,3,1,<e>,<b>,3,1,<e>,<b>,3,1,<e>,<b>,3,1,<e>,<b>,3,1,<e>,<b>,3,1,<e>,<b>,3,1,<e>,<b>,3,1,<e>,<b>,3,1,<e>,<b>,3,1,<e>,<b>,2,1,<e>,<b>,3,1,<e>,<b>,3,1,<e>,<b>,3,1,<e>,<b>,3,1,<e>,<b>,3,1,<e>,<b>,3,1,<e>,<b>,3,1,<e>,<b>,2,1,<e>,<b>,3,1,<e>,<b>,3,1,<e>,<b>,3,1,<e>,<b>,3,1,<e>,<b>,3,1,<e>,<b>,3,1,<e>
21422,<b>,3,3,4,2,4,1,<e>,<b>,3,4,2,1,2,1,<e>,<b>,3,4,2,4,2,1,<e>,<b>,3,2,4,1,<e>,<b>,5,1,<e>,<b>,3,1,<e>,<b>,2,5,2,1,<e>,<b>,3,2,4,2,1,2,5,1,<e>,<b>,3,2,4,1,<e>,<b>,3,4,2,4,1,<e>,<b>,3,2,4,1,<e>,<b>,3,2,4,1,<e>,<b>,5,2,4,2,1,<e>,<b>,3,2,4,2,1,<e>,<b>,3,2,4,5,1,<e>,<b>,5,3,4,5,1,2,1,<e>,<b>,3,4,1,<e>,<b>,3,4,1,<e>,<b>,3,1,<e>,<b>,3,2,4,1,2,1,2,1,<e>,<b>,3,2,4,2,1,<e>,<b>,3,4,1,<e>,<b>,4,1,<e>,<b>,4,1,<e>,<b>,3,2,4,1,<e>,<b>,3,4,2,4,1,<e>,<b>,3,1,<e>,<b>,3,2,1,<e>,<b>,3,2,4,1,<e>,<b>,3,4,1,<e>,<b>,3,2,1,<e>,<b>,3,2,1,<e>,<b>,3,2,4,2,1,<e>,<b>,3,2,4,1,<e>,<b>,2,1,<e>,<b>,3,1,<e>,<b>,3,2,4,1,<e>,<b>,3,2,4,2,1,<e>,<b>,3,2,4,1,<e>,<b>,3,1,<e>,<b>,2,1,<e>,<b>,3,4,2,1.0,<e>,<b>,3,2,1,<e>,<b>,3,1,<e>,<b>,4,1,<e>,<b>,3,2,1,<e>
21424,<b>,2,1,<e>,<b>,2,1,<e>,<b>,4,1,2,1,<e>,<b>,3,2,1,<e>,<b>,3,2,1,<e>,<b>,3,2,1,<e>,<b>,3,2,1,<e>,<b>,3,2,1,<e>,<b>,2,3,1,<e>,<b>,3,2,1,<e>,<b>,3,2,1,<e>,<b>,3,2,1,<e>,<b>,3,2,1,<e>,<b>,2,3,2,1,<e>,<b>,3,2,1,<e>,<b>,3,2,1,<e>,<b>,3,2,1,<e>,<b>,3,2,1,<e>,<b>,5,3,2,1,<e>,<b>,5,2,1,<e>,<b>,3,2,1,<e>,<b>,3,2,1,<e>,<b>,3,2,1,<e>,<b>,3,2,1,<e>,<b>,3,2,1,<e>,<b>,3,2,1,<e>,<b>,3,2,1,<e>,<b>,3,2,1,<e>,<b>,3,2,1,<e>,<b>,3,2,1,<e>,<b>,3,2,1,<e>,<b>,3,2,1,<e>,<b>,3,2,1,<e>,<b>,3,2,1,<e>,<b>,3,2,1,<e>,<b>,3,2,1,<e>,<b>,3,2,1,<e>
21427,<b>,3,1,<e>,<b>,5,2,1,<e>,<b>,2,1,<e>,<b>,3,2,5,1,<e>,<b>,3,1,<e>,<b>,5,2,1,<e>,<b>,3,1,<e>,<b>,3,1,<e>,<b>,2,1,<e>,<b>,2,1,<e>,<b>,3,1,<e>,<b>,3,1,<e>,<b>,3,1,<e>,<b>,3,2,1,<e>,<b>,5,3,1,<e>,<b>,2,1,<e>,<b>,2,1,<e>,<b>,3,1,<e>,<b>,3,1,<e>,<b>,3,2,1,<e>,<b>,3,2,1,<e>,<b>,3,1,<e>,<b>,5,2,1,<e>,<b>,2,1,2,1,<e>,<b>,4,2,4,2,1,<e>,<b>,3,1,<e>,<b>,3,2,1,<e>,<b>,3,1,<e>,<b>,3,2,1,<e>,<b>,2,4,1,<e>,<b>,2,5,1,<e>,<b>,3,1,<e>,<b>,2,4,2,4,2,1,<e>,<b>,2,1,<e>,<b>,3,1,<e>,<b>,3,1,<e>,<b>,2,5,2,1,<e>,<b>,2,5,2,1,<e>,<b>,3,1,<e>,<b>,2,4,2,1,<e>,<b>,2,4,2,4,2,1,<e>,<b>,2,4,2,1,<e>,<b>,3,2,1,<e>,<b>,2,1,<e>,<b>,2,1,<e>,<b>,3,1,<e>,<b>,3,1,<e>,<b>,3,2,4,2,1,<e>,<b>,3,1,<e>,<b>,3,2,1,<e>,<b>,2,2.0,1,<e>,<b>,2,1,<e>,<b>,3,1,<e>,<b>,2,1,<e>,<b>,3,1,<e>,<b>,3,4,2,1,<e>
21435,<b>,3,2,1,<e>,<b>,5,1,2,1,<e>,<b>,2,1,<e>,<b>,3,1,<e>,<b>,3,1,<e>,<b>,3,1,<e>,<b>,3,1,<e>,<b>,3,1,<e>,<b>,5,1,<e>,<b>,3,2,1,<e>,<b>,3,1,5,1,<e>,<b>,3,2,1,<e>,<b>,3,1,<e>,<b>,3,1,<e>,<b>,3,1,<e>,<b>,3,1,<e>,<b>,3,1,<e>,<b>,5,2,1,5,1,<e>,<b>,3,1,<e>,<b>,3,1,<e>,<b>,3,1,<e>,<b>,3,1,<e>,<b>,3,1,5,2,1,<e>,<b>,5,1,<e>,<b>,5,1,<e>,<b>,3,1,<e>,<b>,3,1,<e>,<b>,5,1,2,1,<e>,<b>,3,1,<e>,<b>,5,2,1,<e>,<b>,3,1,<e>,<b>,3,2,1,<e>,<b>,3,1,2,1,<e>,<b>,3,2,1,<e>,<b>,3,5,2,1,<e>,<b>,5,2,1,<e>,<b>,3,2,1,<e>,<b>,3,1,<e>,<b>,3,2,1,<e>,<b>,3,1,<e>,<b>,2,1,<e>,<b>,3,2,1,<e>,<b>,3,1,<e>,<b>,2,1,5,1,<e>,<b>,3,1,<e>,<b>,3,1,<e>
21436,<b>,3,1,2,5,1,<e>,<b>,3,1,<e>,<b>,3,1,<e>,<b>,3,1,<e>,<b>,3,1,<e>,<b>,3,1,<e>,<b>,3,1,<e>,<b>,3,1,<e>,<b>,3,2,1,<e>,<b>,5,2,1,<e>,<b>,5,1,<e>,<b>,3,1,<e>,<b>,2,1,<e>,<b>,3,2,1,<e>,<b>,3,2,1,<e>,<b>,5,1,<e>,<b>,3,2,1,<e>,<b>,3,1,<e>,<b>,3,5,1,<e>,<b>,3,5,1,<e>,<b>,3,1,<e>,<b>,2,1,<e>,<b>,2,1,<e>,<b>,3,1,<e>,<b>,3,1,<e>,<b>,3,1,<e>,<b>,3,2,1,<e>,<b>,3,1,<e>
21437,<b>,5,5,2,3,2,1,2,1,<e>,<b>,2,3,2,1,<e>,<b>,2,1,2,1,<e>,<b>,2,3,2,1,<e>,<b>,2,3,2,1,<e>,<b>,2,3,2,1,<e>,<b>,2,3,4,2,1,<e>,<b>,2,3,1,<e>,<b>,2,1,<e>,<b>,2,1,2,1,2,1,<e>,<b>,2,3,2,1,<e>,<b>,3,2,1,<e>,<b>,4,2,1,<e>,<b>,3,1,<e>,<b>,2,3,2,1,<e>,<b>,2,3,2,1,<e>,<b>,2,3,2,1,<e>,<b>,4,3,2,1,<e>,<b>,2,3,2,1,<e>,<b>,4,2,3,2,1,<e>,<b>,3,4,2,1,<e>,<b>,2,3,2,1,<e>,<b>,2,1,2,1,2,1,<e>,<b>,2,1,<e>,<b>,2,3,2,1,<e>,<b>,4,2,3,1,<e>,<b>,2,3,2,1,<e>,<b>,3,2,1,<e>,<b>,4,3,2,1,<e>,<b>,2,1,2,1,<e>,<b>,2,1,<e>,<b>,3,2,1,<e>,<b>,3,1,<e>,<b>,2,1,<e>,<b>,2,4,1,<e>,<b>,3,1,<e>,<b>,2,1,<e>,<b>,3,2,1,<e>,<b>,2,1,<e>,<b>,3,2,1,<e>,<b>,4,2,1,2,5,2,1,<e>,<b>,3,2,1,<e>,<b>,2,1,<e>,<b>,2,1,<e>,<b>,4,2,1,2,1,<e>,<b>,3,2.0,1,<e>,<b>,3,1,<e>,<b>,5,1,2,1,<e>,<b>,5,2,1,<e>,<b>,2,1,2,1,<e>,<b>,2,1,2,1,<e>,<b>,2,1,<e>,<b>,3,2,1,<e>
21440,<b>,3,1,<e>,<b>,2,1,<e>,<b>,3,1,<e>,<b>,3,1,<e>,<b>,3,1,<e>,<b>,5,1,<e>,<b>,3,1,<e>,<b>,3,2,1,<e>,<b>,3,1,<e>,<b>,3,1,<e>,<b>,5,1,<e>,<b>,3,1,<e>,<b>,5,1,<e>,<b>,3,1,<e>,<b>,3,1,<e>,<b>,3,4,1,<e>,<b>,3,1,<e>,<b>,3,5,1,<e>,<b>,3,1,<e>,<b>,3,1,<e>,<b>,3,1,<e>,<b>,5,3,1,<e>,<b>,3,1,<e>,<b>,3,2,1,<e>,<b>,5,1,<e>,<b>,3,1,<e>,<b>,2,1,<e>,<b>,3,1,<e>,<b>,3,1,<e>,<b>,3,1,<e>,<b>,3,1,<e>,<b>,2,1,<e>,<b>,3,1,<e>,<b>,3,1,<e>
21441,<b>,3,1,<e>,<b>,3,1,<e>,<b>,2,1,<e>,<b>,3,1,<e>,<b>,3,1,<e>,<b>,2,1,<e>,<b>,3,1,<e>,<b>,2,1,<e>,<b>,3,1,<e>,<b>,2,1,<e>,<b>,3,1,<e>,<b>,3,1,<e>,<b>,3,1,<e>,<b>,3,1,<e>,<b>,2,1,<e>,<b>,3,2,1,<e>,<b>,5,3,1,<e>,<b>,3,1,<e>,<b>,2,1,<e>,<b>,3,1,<e>,<b>,2,1,<e>,<b>,2,1,<e>,<b>,3,1,<e>,<b>,3,5,1,<e>,<b>,3,1,<e>,<b>,2,1,<e>,<b>,3,1,<e>,<b>,5,2,5,1,<e>,<b>,2,1,<e>,<b>,2,1,<e>,<b>,3,1,<e>,<b>,3,5,1,<e>,<b>,3,1,<e>,<b>,3,1,<e>,<b>,2,1,<e>,<b>,2,1,<e>,<b>,5,3,1,<e>,<b>,3,1,<e>,<b>,3,1,<e>,<b>,3,1,<e>,<b>,3,1,<e>,<b>,2,1,<e>,<b>,2,1,<e>,<b>,3,1,<e>,<b>,3,1,<e>,<b>,3,1,<e>,<b>,3,1,<e>,<b>,3,1,<e>,<b>,2,1,<e>,<b>,3,1,<e>,<b>,3,1,<e>,<b>,3,1,<e>,<b>,3,1,<e>,<b>,3,1,<e>
21444,<b>,3,1,<e>,<b>,3,2,1,<e>,<b>,3,1,<e>,<b>,3,5,2,1,<e>,<b>,3,2,1,<e>,<b>,3,2,1,<e>,<b>,5,1,<e>,<b>,3,1,<e>,<b>,3,1,<e>,<b>,3,2,1,<e>,<b>,3,1,<e>,<b>,3,4,2,1,<e>,<b>,3,4,1,5,1,<e>,<b>,3,1,<e>,<b>,3,1,<e>,<b>,3,1,<e>,<b>,3,1,<e>,<b>,5,1,<e>,<b>,2,1,<e>,<b>,3,1,<e>,<b>,3,4,1,<e>,<b>,3,1,<e>,<b>,3,4,2,1,<e>,<b>,3,1,<e>,<b>,2,1,<e>,<b>,3,1,<e>,<b>,3,1,<e>,<b>,3,2,1,<e>,<b>,3,2,3,2,1,<e>,<b>,3,1,<e>,<b>,3,1,<e>,<b>,3,2,1,<e>,<b>,3,2,3,1,<e>,<b>,3,2,1,<e>,<b>,3,2,1,<e>,<b>,3,1,<e>,<b>,3,2,1,<e>,<b>,3,5,1,<e>,<b>,3,1,<e>,<b>,5,1,<e>,<b>,3,1,<e>,<b>,2,1,<e>,<b>,3,1,<e>,<b>,3,2,1,<e>
21445,<b>,3,1,<e>,<b>,2,1,<e>,<b>,3,1,<e>,<b>,3,1,<e>,<b>,3,1,<e>,<b>,3,1,<e>,<b>,3,1,<e>,<b>,3,1,<e>,<b>,2,1,<e>,<b>,3,1,<e>,<b>,3,1,<e>,<b>,3,1,<e>,<b>,3,5,1,<e>,<b>,3,1,<e>,<b>,2,1,<e>
21450,<b>,3,2,2,1,<e>,<b>,2,5,1,<e>,<b>,2,1,<e>,<b>,3,1,<e>,<b>,3,5,2,1,<e>,<b>,3,2,1,<e>,<b>,3,1,<e>,<b>,3,1,<e>,<b>,2,1,2,1,<e>,<b>,2,5,2,1,<e>,<b>,3,2,1,<e>,<b>,3,2,1,<e>,<b>,3,2,1,<e>,<b>,2,3,2,1,<e>,<b>,3,2,1,<e>,<b>,2,1,<e>,<b>,3,2,1,<e>,<b>,3,2,1,<e>,<b>,3,2,1,<e>,<b>,2,4,3,2,1,<e>,<b>,2,1,4,1,<e>,<b>,2,1,<e>,<b>,3,2,1,<e>,<b>,2,3,2,1,<e>,<b>,2,3,5,1,<e>,<b>,2,3,5,2,1,<e>,<b>,2,1,4,2,1,<e>,<b>,5,1,<e>,<b>,2,1,<e>,<b>,5,2,1,<e>,<b>,3,2,1,<e>,<b>,2,3,2,1,<e>,<b>,3,2,1,<e>,<b>,3,2,1,<e>,<b>,2,1,<e>,<b>,3,1,<e>,<b>,3,1,<e>,<b>,3,4,2,1,<e>,<b>,2,3,2,1,<e>,<b>,3,2,1,<e>,<b>,2,1,<e>,<b>,2,1,<e>,<b>,3,2,1,<e>,<b>,2,3,2,1,<e>,<b>,2,3,2,1,<e>,<b>,2,3,4,1,<e>,<b>,2,3,1,2,1,<e>,<b>,2,1,<e>,<b>,2,1,<e>,<b>,2,3,5,1,<e>,<b>,2,1,<e>,<b>,3,2,1,<e>,<b>,3,1,<e>
21454,<b>,5,1,<e>,<b>,2,1,<e>,<b>,2,1,<e>,<b>,5,1,<e>,<b>,2,1,<e>,<b>,2,1,<e>,<b>,5,3,1,<e>,<b>,2,1,2,1,2,1,2,1,<e>,<b>,3,1,<e>,<b>,3,1,<e>,<b>,2,3,1,<e>,<b>,5,1,3,1,<e>,<b>,2,1,<e>,<b>,4,2,1,<e>,<b>,5,2,1,5,4,2,1,<e>,<b>,2,1,<e>,<b>,2,1,<e>,<b>,5,2,4,1,<e>,<b>,2,1,2,1,<e>
21456,<b>,3,4,1,<e>,<b>,2,1,<e>,<b>,3,1,<e>,<b>,3,1,<e>,<b>,3,1,<e>,<b>,3,1,<e>,<b>,2,1,<e>,<b>,3,1,<e>,<b>,3,1,<e>,<b>,2,1,<e>,<b>,3,1,<e>,<b>,3,1,<e>,<b>,2,1,<e>,<b>,2,1,<e>,<b>,3,1,<e>,<b>,2,1,<e>,<b>,2,1,<e>,<b>,2,1,<e>,<b>,2,1,2,1,<e>,<b>,3,1,<e>,<b>,2,1,<e>,<b>,3,1,<e>,<b>,2,1,<e>,<b>,2,1,<e>,<b>,3,1,<e>,<b>,3,1,<e>,<b>,3,1,<e>,<b>,3,1,<e>,<b>,2,1,<e>,<b>,2,1,<e>,<b>,3,1,<e>
21458,<b>,3,3,1,5,1,<e>,<b>,2,1,<e>,<b>,2,1,2,1,<e>,<b>,3,1,<e>,<b>,3,1,<e>,<b>,3,1,<e>,<b>,3,1,<e>,<b>,3,1,<e>,<b>,2,1,5,1,2,1,<e>,<b>,3,1,<e>,<b>,3,1,<e>,<b>,3,1,<e>,<b>,3,1,<e>,<b>,3,1,<e>,<b>,5,1,5,1,2,1,<e>,<b>,5,2,1,<e>,<b>,3,1,<e>,<b>,3,1,<e>,<b>,2,1,<e>,<b>,3,1,<e>,<b>,3,1,<e>,<b>,2,1,<e>,<b>,2,1,<e>,<b>,3,1,<e>,<b>,3,1,<e>,<b>,3,1,<e>,<b>,3,1,<e>,<b>,3,1,<e>,<b>,2,1,<e>,<b>,2,1,<e>,<b>,3,1,<e>,<b>,3,1,<e>,<b>,5,1,2,5,2,1,<e>,<b>,3,1,<e>,<b>,3,1,<e>,<b>,2,1,<e>,<b>,5,2,1,<e>,<b>,3,1,<e>,<b>,5,2,1,<e>,<b>,3,2,1,<e>,<b>,3,1,<e>,<b>,3,1,<e>,<b>,2,1,5,1,<e>,<b>,2,1,5,1,<e>,<b>,3,1,<e>,<b>,3,1,<e>,<b>,3,1,<e>,<b>,5,1,<e>,<b>,5,1,<e>,<b>,2,1,<e>,<b>,5,2,1,<e>,<b>,3,1,<e>,<b>,2,1,2,1,<e>,<b>,3,1,<e>,<b>,3,1,<e>
21459,<b>,3,4,4,1,<e>,<b>,5,2,1,<e>,<b>,3,1,<e>,<b>,3,1,<e>,<b>,3,1,<e>,<b>,5,2,1,2,1,<e>,<b>,5,2,5,2,1,<e>,<b>,2,3,5,2,1,<e>,<b>,3,5,1,2,1,<e>,<b>,2,1,<e>,<b>,3,2,1,2,1,<e>,<b>,5,2,3,1,<e>,<b>,2,5,2,1,<e>,<b>,3,1,<e>,<b>,3,5,2,1,2,1,<e>,<b>,5,1,<e>,<b>,3,2,1,<e>,<b>,5,2,1,<e>,<b>,3,2,1,<e>,<b>,5,2,5,2,3,2,1,<e>,<b>,5,3,2,1,2,1,2,1,<e>,<b>,3,2,1,2,1,<e>,<b>,5,2,5,2,1,<e>,<b>,5,1,<e>,<b>,3,1,<e>,<b>,5,2,5,1,<e>,<b>,3,2,1,<e>,<b>,2,5,2,1,<e>,<b>,3,2,4,1,2,1,<e>,<b>,5,2,1,<e>,<b>,3,2,1,2,1,<e>,<b>,2,1,<e>,<b>,2,1,2,1,<e>,<b>,3,2,1,<e>,<b>,5,2,5,2,1,<e>,<b>,2,1,2,1,<e>,<b>,2,5,2,3,1,<e>,<b>,2,1,<e>,<b>,3,2,1,2,1,<e>,<b>,5,2,1,<e>,<b>,5,2,1,<e>,<b>,3,2,1,<e>
21460,<b>,3,1,<e>,<b>,5,2,1,2,1,<e>,<b>,3,1,<e>,<b>,5,1,<e>,<b>,3,4,1,<e>,<b>,3,4,1,<e>,<b>,5,1,5,1,<e>,<b>,3,1,<e>,<b>,3,1,<e>,<b>,3,1,<e>,<b>,3,2,1,<e>,<b>,3,1,<e>,<b>,3,1,<e>,<b>,3,1,<e>,<b>,3,1,<e>,<b>,3,1,<e>,<b>,3,1,<e>,<b>,2,1,<e>,<b>,5,1,<e>,<b>,2,5,1,<e>,<b>,3,1,<e>,<b>,3,1,<e>,<b>,3,1,<e>,<b>,3,1,<e>,<b>,2,5,1,<e>,<b>,5,2,1,2,1,2,1,<e>,<b>,3,1,<e>,<b>,3,1,<e>,<b>,3,2,1,<e>,<b>,5,1,2,1,2,1,<e>,<b>,3,1,<e>,<b>,3,5,1,<e>,<b>,3,2,1,<e>,<b>,3,1,<e>,<b>,5,2,5,2,1,<e>,<b>,2,5,2,1,<e>,<b>,2,1,5,2,1,<e>,<b>,2,1,5,1,<e>,<b>,5,1,<e>,<b>,3,1,<e>,<b>,3,1,<e>,<b>,3,4,1,2,1,<e>,<b>,2,5,1,<e>,<b>,2,1,<e>,<b>,3,1,<e>,<b>,2,1,<e>,<b>,3,1,<e>,<b>,3,1,<e>
21467,<b>,3,1,<e>,<b>,2,1,4,2,1,<e>,<b>,3,1,<e>,<b>,3,1,<e>,<b>,3,1,<e>,<b>,4,1,<e>,<b>,2,1,2,1,<e>,<b>,3,1,<e>,<b>,3,4,1,<e>,<b>,3,2,1,<e>,<b>,2,1,<e>,<b>,2,1,<e>,<b>,3,1,<e>,<b>,3,1,<e>,<b>,3,1,2,1,<e>,<b>,3,1,<e>,<b>,3,1,<e>,<b>,2,1,2,1,<e>,<b>,2,1,<e>,<b>,3,1,<e>,<b>,3,2,1,<e>,<b>,3,1,2,1,<e>,<b>,3,1,<e>,<b>,3,1,<e>,<b>,2,1,4,1,2,1,<e>,<b>,3,1,2,1,<e>,<b>,3,1,<e>,<b>,3,2,1,<e>,<b>,3,1,<e>,<b>,4,1,<e>,<b>,3,1,<e>,<b>,3,2,1,<e>,<b>,3,1,<e>,<b>,3,1,<e>,<b>,3,1,<e>,<b>,3,1,<e>,<b>,3,1,2,1,<e>,<b>,3,1,<e>,<b>,2,1,2,1,<e>,<b>,3,1,<e>,<b>,2,1,<e>,<b>,3,1,2,1,<e>,<b>,3,1,<e>
21473,<b>,3,1,<e>,<b>,2,1,<e>,<b>,2,1,<e>,<b>,3,1,<e>,<b>,2,1,<e>,<b>,3,1,<e>,<b>,3,1,<e>,<b>,3,2,1,<e>,<b>,2,1,<e>,<b>,2,1,3,2,1,<e>,<b>,3,1,<e>,<b>,3,1,<e>,<b>,5,3,1,<e>,<b>,3,1,<e>,<b>,2,1,<e>,<b>,2,1,<e>,<b>,3,1,<e>,<b>,3,2,1,<e>,<b>,3,2,1,<e>,<b>,3,2,1,<e>,<b>,3,1,<e>,<b>,2,1,2,1,<e>,<b>,2,1,2,1,<e>,<b>,5,2,1,<e>,<b>,3,1,<e>,<b>,3,1,<e>,<b>,3,1,<e>,<b>,3,1,<e>,<b>,2,1,<e>,<b>,5,4,2,1,<e>,<b>,3,1,<e>,<b>,3,1,<e>,<b>,5,1,<e>,<b>,3,1,<e>,<b>,3,1,<e>,<b>,2,1,<e>,<b>,2,1,<e>,<b>,3,1,<e>,<b>,3,1,<e>,<b>,3,1,<e>,<b>,3,1,<e>,<b>,3,1,<e>,<b>,3,1,<e>,<b>,2,1,<e>,<b>,3,1,<e>,<b>,2,1,<e>,<b>,3,1,<e>,<b>,4,1,<e>,<b>,3,1,<e>,<b>,4,5,2,1,<e>,<b>,2,4,1,<e>,<b>,3,1,<e>,<b>,4,2,1,<e>,<b>,3,1,<e>,<b>,3,1,<e>
21477,<b>,3,1,<e>,<b>,5,2,1,5,2,1,<e>,<b>,2,5,2,1,<e>,<b>,3,2,1,<e>,<b>,3,2,1,<e>,<b>,3,2,1,<e>,<b>,3,1,<e>,<b>,3,5,3,2,1,<e>,<b>,5,1,2,1,<e>,<b>,2,1,<e>,<b>,3,1,<e>,<b>,3,1,<e>,<b>,3,1,<e>,<b>,3,1,<e>,<b>,3,2,1,2,1,<e>,<b>,5,1,2,1,5,2,1,<e>,<b>,3,1,<e>,<b>,3,2,1,<e>,<b>,3,2,1,2,1,<e>,<b>,3,2,1,<e>,<b>,5,2,1,5,2,1,<e>,<b>,2,1,2,1,<e>,<b>,3,1,<e>,<b>,3,2,1,<e>,<b>,3,2,5,2,1,2,1,<e>,<b>,2,5,2,1,<e>,<b>,5,2,5,1,2,1,<e>,<b>,3,1,<e>,<b>,3,2,1,<e>,<b>,2,1,<e>,<b>,3,1,<e>,<b>,3,2,1,<e>,<b>,5,2,5,2,1,<e>,<b>,2,1,<e>,<b>,5,3,1,<e>,<b>,3,2,1,<e>,<b>,5,2,3,1,<e>,<b>,3,2,1,<e>,<b>,3,2,1,4,1,2,1,<e>,<b>,5,2,1,5,1,<e>,<b>,2,5,2,1,<e>,<b>,3,1,<e>,<b>,3,1,<e>,<b>,3,2,1,<e>,<b>,3,2,1,<e>,<b>,3,2,1,<e>,<b>,2,5,2,1,2,1,<e>,<b>,2,1,<e>,<b>,3,1,<e>,<b>,3,2,1.0,<e>
21478,<b>,3,1,<e>,<b>,3,2,1,<e>,<b>,3,1,<e>,<b>,2,1,<e>,<b>,3,1,<e>,<b>,2,1,<e>,<b>,3,1,<e>,<b>,3,1,<e>,<b>,3,2,1,<e>,<b>,2,1,2,1,<e>,<b>,3,1,<e>,<b>,3,1,<e>,<b>,2,1,5,1,<e>,<b>,3,2,1,<e>,<b>,5,2,1,<e>,<b>,3,2,1,<e>,<b>,3,1,5,1,<e>,<b>,5,2,1,2,1,2,1,<e>,<b>,3,1,<e>,<b>,3,1,<e>,<b>,3,2,1,<e>,<b>,2,1,5,1,<e>,<b>,5,1,3,1,2,1,2,1,<e>,<b>,4,3,2,1,<e>,<b>,5,1,5,1,2,1,2,1,<e>,<b>,3,1,<e>,<b>,3,1,<e>,<b>,3,2,1,5,1,<e>,<b>,5,1,2,1,<e>,<b>,3,2,1,<e>,<b>,3,2,1,<e>,<b>,2,1,2,5,1,<e>,<b>,3,1,<e>,<b>,5,1,2,1,<e>,<b>,3,2,1,4,1,<e>,<b>,5,1,5,1,3,2,1,<e>,<b>,5,1,2,1,<e>,<b>,5,1,5,1,<e>,<b>,3,1,<e>,<b>,2,3,1,<e>,<b>,3,1,<e>,<b>,5,1,2,1,5,1,<e>,<b>,5,1,3,2,1,<e>,<b>,3,1,<e>,<b>,3,1,<e>,<b>,5,1,2,1,2,1,5,2,1,<e>,<b>,3,1,<e>,<b>,4,1,2,1,2,1,2,1,<e>,<b>,5,1,5,1,2,1,2,1,5,1.0,2,1,<e>
21479,<b>,4,1,<e>,<b>,4,1,2,1,5,1,<e>,<b>,4,5,1,<e>,<b>,4,1,<e>,<b>,4,1,<e>,<b>,4,1,5,1,<e>,<b>,2,1,<e>,<b>,4,2,1,<e>,<b>,4,1,5,1,<e>,<b>,4,1,<e>,<b>,4,1,<e>,<b>,5,1,<e>,<b>,2,5,1,<e>,<b>,5,3,1,<e>,<b>,5,3,1,<e>,<b>,5,3,1,<e>,<b>,5,2,1,<e>,<b>,5,1,<e>,<b>,5,2,1,<e>,<b>,2,1,<e>,<b>,2,1,<e>,<b>,5,2,1,<e>,<b>,2,1,5,1,<e>,<b>,4,2,1,<e>,<b>,4,3,1,<e>,<b>,4,1,<e>
21481,<b>,4,1,<e>,<b>,3,1,2,1,<e>,<b>,2,1,<e>,<b>,2,1,<e>,<b>,2,1,<e>,<b>,2,1,<e>,<b>,4,2,4,1,<e>,<b>,3,1,<e>,<b>,3,1,<e>,<b>,5,2,1,<e>,<b>,2,1,2,1,<e>,<b>,3,4,1,<e>,<b>,3,1,<e>,<b>,3,1,<e>,<b>,3,1,<e>,<b>,2,1,2,1,<e>,<b>,2,1,<e>,<b>,2,1,<e>,<b>,3,1,<e>,<b>,3,1,<e>,<b>,3,1,<e>,<b>,3,1,<e>,<b>,2,1,<e>,<b>,3,1,2,1,<e>,<b>,3,1,<e>,<b>,3,1,<e>,<b>,3,1,<e>,<b>,5,1,<e>,<b>,3,1,<e>,<b>,3,1,<e>,<b>,3,2,1,<e>,<b>,3,2,1,<e>,<b>,2,1,<e>,<b>,5,1,<e>,<b>,2,1,<e>,<b>,2,1,<e>,<b>,2,1,<e>,<b>,2,1,<e>,<b>,2,1,<e>,<b>,3,2,4,1,<e>,<b>,3,1,<e>,<b>,3,1,<e>,<b>,3,1,<e>,<b>,3,1,<e>,<b>,3,2,1,<e>,<b>,3,1,<e>,<b>,5,1,2,1,<e>,<b>,2,1,<e>,<b>,4,1,2,1,<e>,<b>,3,1,<e>,<b>,3,1,<e>,<b>,3,1,<e>,<b>,2,1,<e>,<b>,3,1,<e>
21484,<b>,5,1,2,1,<e>,<b>,3,1,<e>,<b>,3,1,<e>,<b>,3,1,<e>,<b>,3,1,<e>,<b>,2,1,<e>,<b>,3,1,<e>,<b>,2,1,<e>,<b>,3,1,<e>,<b>,3,1,<e>,<b>,3,1,<e>,<b>,2,1,<e>,<b>,5,1,<e>,<b>,2,1,5,1,<e>,<b>,4,1,<e>,<b>,4,1,<e>,<b>,5,1,<e>,<b>,2,1,<e>,<b>,3,1,<e>
21488,<b>,3,4,4,2,4,1,2,1,<e>,<b>,2,1,<e>,<b>,3,4,2,4,1,<e>,<b>,3,2,1,4,1,<e>,<b>,3,4,2,4,1,<e>,<b>,3,4,2,4,1,<e>,<b>,3,4,2,4,1,<e>,<b>,2,1,<e>,<b>,2,1,<e>,<b>,3,4,2,4,1,<e>,<b>,3,4,2,4,1,<e>,<b>,3,4,2,4,1,<e>,<b>,3,4,2,4,1,<e>,<b>,3,4,2,4,1,2,1,<e>,<b>,4,2,1,2,4,2,4,1,<e>,<b>,3,4,2,4,1,4,2,1,<e>,<b>,3,2,4,1,<e>,<b>,3,2,4,1,<e>,<b>,3,4,2,4,1,<e>,<b>,3,2,4,1,<e>,<b>,2,1,<e>,<b>,2,1,<e>,<b>,3,4,2,4,1,<e>,<b>,3,2,4,1,<e>,<b>,3,2,4,1,<e>,<b>,3,2,4,1,<e>,<b>,3,4,2,4,1,<e>,<b>,3,4,2,4,1,4,2,1,<e>,<b>,3,4,2,4,1,<e>,<b>,3,4,2,4,1,4,1,2,1,<e>,<b>,4,2,1,<e>,<b>,3,4,2.0,4,1,<e>,<b>,3,4,2,4,1,2,1,<e>,<b>,2,1,<e>,<b>,2,1,<e>,<b>,3,4,2,4,4.0,1,1.0,<e>,<b>,3,2.0,4.0,1,<e>,<b>,3,4,2.0,4,1.0,<e>,<b>,3,4,2.0,4,1.0,<e>,<b>,3.0,2.0,4,4.0,1.0,2.0,1,<e>,<b>,2.0,2,2.0,1.0,2,1.0,<e>,<b>,3,4.0,2,4.0,1.0,4.0,2.0,1.0,<e>,<b>,3.0,2.0,4.0,2.0,1.0,4.0,1.0,<e>,<b>,3.0,4.0,2.0,4.0,1.0,<e>,<b>,3.0,4.0,2.0,4.0,1.0,<e>,<b>,3.0,4.0,2.0,4.0,1.0,2.0,1.0,<e>,<b>,2.0,5.0,2.0,1.0,<e>,<b>,2.0,1.0,<e>,<b>,3.0,4.0,2.0,4.0,1.0,<e>,<b>,3.0,4.0,1.0,4.0,2.0,4.0,1.0,<e>,<b>,3.0,4.0,2.0,4.0,1.0,4.0,1.0,<e>
21492,<b>,2,1,<e>,<b>,2,1,<e>,<b>,2,5,1,<e>,<b>,2,1,<e>,<b>,2,1,<e>,<b>,2,1,<e>,<b>,2,1,<e>,<b>,2,1,<e>,<b>,2,1,<e>,<b>,2,1,<e>,<b>,2,1,<e>,<b>,2,1,<e>,<b>,2,1,<e>,<b>,3,1,<e>,<b>,2,1,<e>,<b>,2,1,<e>,<b>,2,1,<e>
21494,<b>,3,1,<e>,<b>,5,2,1,<e>,<b>,2,1,<e>,<b>,3,1,<e>,<b>,3,1,<e>,<b>,2,1,<e>,<b>,3,1,<e>,<b>,3,1,<e>,<b>,2,1,<e>,<b>,3,1,<e>,<b>,2,1,<e>,<b>,2,1,<e>,<b>,3,1,<e>,<b>,3,1,<e>,<b>,3,1,<e>,<b>,2,1,<e>,<b>,3,1,<e>,<b>,3,1,<e>,<b>,3,1,<e>,<b>,3,1,<e>,<b>,3,1,<e>,<b>,3,1,<e>,<b>,3,1,<e>,<b>,3,1,<e>,<b>,3,1,<e>,<b>,3,1,<e>,<b>,3,1,<e>,<b>,3,1,<e>,<b>,3,1,<e>,<b>,3,1,<e>,<b>,3,1,<e>,<b>,3,1,<e>,<b>,3,1,<e>,<b>,3,1,<e>,<b>,3,1,<e>
21496,<b>,5,1,<e>,<b>,5,1,<e>,<b>,2,1,<e>,<b>,3,1,<e>,<b>,3,1,<e>,<b>,3,1,<e>,<b>,5,1,<e>,<b>,3,5,3,1,<e>,<b>,5,1,<e>,<b>,5,1,<e>,<b>,5,2,1,<e>,<b>,3,5,1,<e>,<b>,3,1,<e>,<b>,3,1,<e>,<b>,2,1,<e>,<b>,5,1,<e>,<b>,5,1,<e>,<b>,3,1,<e>,<b>,3,1,<e>,<b>,3,1,<e>,<b>,5,1,<e>,<b>,3,1,<e>,<b>,5,1,<e>,<b>,5,1,2,1,<e>,<b>,3,1,<e>,<b>,5,1,<e>,<b>,3,1,<e>,<b>,3,1,<e>,<b>,3,1,<e>,<b>,5,1,<e>,<b>,5,1,<e>,<b>,3,1,<e>,<b>,3,1,<e>,<b>,5,1,5,1,<e>,<b>,5,1,<e>,<b>,3,1,<e>,<b>,2,1,<e>,<b>,2,1,<e>,<b>,3,1,<e>,<b>,3,1,<e>,<b>,3,1,<e>,<b>,5,1,5,1,<e>,<b>,5,1,<e>,<b>,5,1,<e>,<b>,3,1,<e>,<b>,2,1,<e>,<b>,3,1,<e>,<b>,3,1,<e>,<b>,3,1,<e>,<b>,5,2,1,<e>,<b>,2,1,<e>,<b>,3,1,<e>,<b>,5,1,<e>,<b>,3,1,<e>,<b>,3,1,<e>
21497,<b>,5,5,2,5,1,<e>,<b>,2,1,2,1,<e>,<b>,2,1,5,1,<e>,<b>,3,2,5,4,1,5,1,<e>,<b>,3,2,1,<e>,<b>,3,2,1,4,1,5,1,<e>,<b>,2,1,<e>,<b>,3,2,1,4,1,5,1,<e>,<b>,5,2,5,1,5,1,<e>,<b>,3,2,1,4,2,4,1,5,1,<e>,<b>,3,4,1,<e>,<b>,5,1,5,2,1,<e>,<b>,3,2,1,5,1,<e>,<b>,3,4,1,<e>,<b>,3,2,1,2,1,<e>,<b>,3,2,1,2,1,5,1,<e>,<b>,3,4,2,1,<e>,<b>,2,1,<e>,<b>,3,1,2,1,5,1,<e>,<b>,3,4,1,<e>,<b>,3,2,1,<e>,<b>,3,4,1,5,1,<e>,<b>,3,4,2,1,<e>,<b>,2,5,2,1,5,1,<e>,<b>,2,1,<e>,<b>,3,4,2,1,4,1,5,1,<e>,<b>,3,2,1,<e>,<b>,3,4,1,5,1,<e>,<b>,3,4,1,<e>,<b>,5,1,<e>,<b>,2,1,<e>,<b>,3,4,2,1,4,1,5,1,<e>,<b>,3,4,1,<e>,<b>,3,4,2,1,<e>,<b>,3,1,5,1,<e>,<b>,3,2,1,<e>,<b>,2,1,5,1,<e>,<b>,3,4,1,5,1,<e>,<b>,3,4,2,4,1,<e>,<b>,3,4,1,<e>,<b>,3.0,4,2,1,<e>,<b>,2,1,<e>,<b>,3,2,1,4,1,5,1,<e>,<b>,3,4,1,<e>,<b>,3,2,4,1,5,1,<e>
21499,<b>,5,5,3,1,<e>,<b>,3,1,<e>,<b>,3,1,<e>,<b>,3,1,<e>,<b>,3,1,<e>,<b>,3,1,<e>,<b>,3,1,<e>,<b>,3,1,<e>,<b>,3,1,<e>,<b>,3,1,<e>,<b>,3,1,<e>,<b>,3,1,<e>,<b>,3,1,<e>,<b>,3,1,<e>
21501,<b>,3,1,<e>,<b>,2,5,1,2,1,<e>,<b>,2,1,<e>,<b>,3,1,2,1,<e>,<b>,3,1,4,1,<e>,<b>,5,2,5,1,2,1,<e>,<b>,3,1,2,1,<e>,<b>,3,4,1,<e>,<b>,2,1,2,1,2,1,<e>,<b>,2,1,2,1,<e>,<b>,2,1,<e>,<b>,3,4,5,1,2,1,<e>,<b>,2,1,2,1,2,1,<e>,<b>,3,1,2,1,<e>,<b>,3,1,2,1,2,1,<e>,<b>,5,2,1,2,1,<e>,<b>,5,1,2,1,<e>,<b>,3,5,4,2,1,2,1,<e>,<b>,3,2,1,5,1,<e>,<b>,2,1,2,1,2,1,<e>,<b>,3,1,<e>,<b>,3,1,<e>,<b>,2,1,2,5,2,1,<e>,<b>,2,1,<e>,<b>,3,1,<e>,<b>,2,1,2,1,<e>,<b>,3,2,1,<e>,<b>,2,1,2,1,<e>,<b>,2,1,<e>,<b>,2,1,2,1,<e>,<b>,2,1,2,1,2,1,<e>
21502,<b>,3,2,1,2,1,<e>,<b>,2,5,1,<e>,<b>,2,1,2,1,2,1,<e>,<b>,3,1,2,1,<e>,<b>,2,1,3,1,2,1,<e>,<b>,3,1,2,1,<e>,<b>,3,1,<e>,<b>,3,1,2,1,<e>,<b>,2,1,<e>,<b>,2,1,2,1,<e>,<b>,3,1,2,1,<e>,<b>,2,1,<e>,<b>,3,1,2,1,<e>,<b>,3,1,2,1,<e>,<b>,3,2,1,<e>,<b>,2,1,2,1,<e>,<b>,3,2,1,2,1,<e>,<b>,3,1,2,1,<e>,<b>,3,1,<e>,<b>,3,1,<e>,<b>,3,1,2,1,<e>,<b>,2,1,<e>,<b>,2,1,2,1,<e>,<b>,5,2,1,2,1,<e>,<b>,3,1,<e>,<b>,3,1,<e>,<b>,5,3,2,1,<e>,<b>,3,1,2,1,<e>,<b>,2,1,<e>,<b>,2,1,<e>,<b>,5,3,2,1,2,1,<e>,<b>,3,2,1,2,1,<e>,<b>,2,1,<e>,<b>,3,2,1,<e>,<b>,3,1,2,1,<e>,<b>,2,1,2,1,<e>,<b>,2,1,<e>,<b>,3,1,2,1,<e>,<b>,3,1,2,1,<e>,<b>,3,1,2,1,<e>,<b>,3,1,<e>,<b>,5,1,<e>,<b>,2,1,<e>,<b>,3,1,2,1,<e>,<b>,3,2,1,2,1,<e>,<b>,3,1,<e>,<b>,3,1,<e>,<b>,3,2,1,<e>,<b>,5.0,1,<e>,<b>,2,1,<e>,<b>,3,1,<e>,<b>,2,1,<e>,<b>,3,1,<e>,<b>,3,2,1,<e>
21503,<b>,5,1,<e>,<b>,5,1,<e>,<b>,5,1,<e>,<b>,2,1,<e>,<b>,5,1,<e>,<b>,5,1,<e>,<b>,5,1,<e>,<b>,5,1,<e>,<b>,5,1,<e>,<b>,5,1,<e>,<b>,5,1,<e>,<b>,3,1,<e>,<b>,3,1,<e>
21509,<b>,3,4,1,<e>,<b>,3,1,<e>,<b>,3,5,1,<e>,<b>,3,1,<e>,<b>,3,4,1,<e>
21513,<b>,3,1,<e>,<b>,2,1,<e>,<b>,2,1,<e>,<b>,3,1,<e>,<b>,3,1,<e>,<b>,2,1,<e>
21518,<b>,2,1,<e>,<b>,3,2,1,<e>,<b>,3,1,<e>,<b>,3,2,1,<e>,<b>,3,2,1,<e>,<b>,2,1,5,1,<e>,<b>,2,1,<e>,<b>,5,1,<e>,<b>,2,1,<e>,<b>,3,1,<e>,<b>,3,1,<e>,<b>,3,1,<e>,<b>,3,2,1,<e>,<b>,3,2,1,<e>,<b>,2,1,<e>,<b>,2,1,<e>,<b>,3,1,<e>,<b>,2,1,<e>,<b>,3,2,1,<e>,<b>,3,1,<e>,<b>,3,5,1,<e>,<b>,3,2,1,<e>,<b>,2,1,<e>,<b>,2,1,2,1,<e>,<b>,3,2,1,<e>,<b>,3,1,<e>,<b>,3,1,<e>,<b>,3,1,<e>,<b>,3,1,2,1,<e>,<b>,3,2,1,<e>,<b>,2,5,2,1,5,1,<e>,<b>,2,1,<e>,<b>,3,2,1,<e>,<b>,2,1,2,1,<e>,<b>,3,1,<e>,<b>,3,5,1,<e>,<b>,3,1,<e>,<b>,2,1,<e>,<b>,3,1,<e>
21519,<b>,3,1,<e>,<b>,5,1,<e>,<b>,3,2,1,<e>,<b>,3,1,<e>,<b>,3,2,1,<e>,<b>,3,1,<e>,<b>,3,2,1,<e>,<b>,3,2,1,<e>,<b>,3,2,1,<e>,<b>,3,5,1,<e>,<b>,5,2,1,<e>,<b>,3,2,1,<e>
21525,<b>,4,1,<e>
21526,<b>,2,1,<e>,<b>,4,1,<e>
21527,<b>,5,3,1,<e>,<b>,3,1,<e>,<b>,3,1,<e>,<b>,2,1,<e>,<b>,2,1,2,1,2,1,<e>,<b>,3,1,<e>,<b>,2,1,2,1,<e>,<b>,3,1,<e>,<b>,2,1,2,1,2,1,<e>,<b>,3,2,1,<e>,<b>,2,1,5,2,1,<e>,<b>,2,1,5,2,1,2,1,<e>,<b>,3,1,<e>,<b>,3,1,<e>,<b>,2,1,2,1,2,1,<e>,<b>,2,1,<e>,<b>,2,5,2,1,<e>,<b>,2,1,2,1,5,1,<e>,<b>,2,1,5,1,<e>,<b>,3,1,<e>,<b>,3,1,<e>,<b>,2,1,2,1,<e>,<b>,2,1,2,1,<e>,<b>,3,1,<e>,<b>,2,1,2,1,2,1,<e>,<b>,2,1,5,1,2,1,2,1,<e>,<b>,3,5,1,<e>,<b>,3,4,1,<e>,<b>,2,1,2,1,<e>,<b>,2,1,2,3,1,<e>,<b>,3,1,<e>,<b>,2,1,2,1,2,1,<e>,<b>,2,1,2,1,2,1,<e>,<b>,3,1,<e>,<b>,2,1,2,1,2,1,<e>,<b>,3,5,1,<e>,<b>,2,1,2,1,<e>,<b>,3,1,<e>,<b>,2,1,2,5,1,2,1,2,1,<e>,<b>,2,1,2,1,<e>,<b>,3,1,<e>,<b>,2,1,2,1,<e>,<b>,3,2,1,<e>,<b>,3,2,1,<e>,<b>,3,5,1,<e>,<b>,2,1,2,1,2,1,5,1,<e>,<b>,2,2.0,1,2,1,<e>,<b>,3,1,<e>,<b>,2,1,2,1,2,1,5,1,<e>,<b>,2,1,2,1,<e>,<b>,3,1,<e>
21528,<b>,3,1,2,1,<e>,<b>,2,1,<e>,<b>,3,5,1,<e>,<b>,3,1,<e>,<b>,3,1,<e>,<b>,3,1,<e>,<b>,2,1,2,1,2,1,<e>,<b>,3,1,<e>,<b>,5,2,1,<e>,<b>,3,2,1,<e>,<b>,3,2,1,<e>,<b>,3,2,1,<e>,<b>,5,2,1,2,1,5,2,1,<e>,<b>,5,2,1,<e>,<b>,5,1,5,1,2,5,2,1,<e>,<b>,2,5,2,5,2,5,2,1,<e>,<b>,2,5,2,5,2,5,1,<e>,<b>,2,1,2,1,2,1,<e>,<b>,2,5,2,5,1,<e>,<b>,3,2,1,<e>,<b>,3,1,<e>,<b>,3,2,1,<e>,<b>,3,1,<e>,<b>,2,1,<e>
21530,<b>,3,2,2,1,<e>,<b>,2,1,<e>,<b>,2,1,2,1,<e>,<b>,3,1,<e>,<b>,3,2,4,1,<e>,<b>,3,2,1,<e>,<b>,2,1,2,1,<e>,<b>,3,2,1,<e>,<b>,3,2,1,<e>,<b>,3,2,1,2,1,<e>,<b>,2,1,2,1,2,1,<e>,<b>,3,2,1,<e>,<b>,3,2,1,2,1,<e>,<b>,2,1,2,1,<e>,<b>,2,1,2,1,<e>,<b>,3,2,1,2,1,<e>,<b>,3,2,1,2,1,<e>,<b>,2,1,2,1,2,1,<e>,<b>,3,2,1,<e>,<b>,2,1,5,2,5,2,1,<e>,<b>,2,1,2,1,<e>,<b>,2,1,2,1,<e>,<b>,3,2,1,<e>,<b>,3,2,1,<e>,<b>,2,1,2,1,5,1,<e>,<b>,3,1,<e>,<b>,2,1,2,1,2,1,<e>,<b>,2,1,2,1,<e>,<b>,3,2,1,<e>,<b>,3,2,1,<e>,<b>,2,1,2,1,<e>,<b>,2,1,2,1,2,1,<e>,<b>,3,2,1,2,1,<e>,<b>,5,2,1,2,1,<e>,<b>,5,2,5,2,1,2,1,<e>,<b>,2,1,2,1,5,1,<e>,<b>,3,2,1,<e>,<b>,3,2,1,2,1,<e>,<b>,3,2,1,<e>,<b>,2,1,2,1,<e>,<b>,2,1,2,1,2,1,<e>,<b>,3,2,1,4,2,1,<e>,<b>,3,4,2,1,<e>,<b>,3,2,1,2,1,<e>,<b>,2,1,2,1,<e>,<b>,3,2.0,1,2,1,<e>,<b>,2,1,2,1,2,1,2,1,<e>,<b>,3,2,1,2,1,<e>,<b>,2,1,<e>,<b>,2,1,2,1,<e>,<b>,4,2,4,1,<e>,<b>,3,2,1,2.0,1.0,<e>
21534,<b>,3,1,<e>,<b>,3,4,1,<e>,<b>,3,2,1,<e>,<b>,5,3,1,<e>,<b>,3,1,<e>,<b>,3,2,1,<e>,<b>,3,4,1,<e>,<b>,2,5,2,1,<e>,<b>,5,1,2,3,1,5,1,2,1,<e>,<b>,3,1,<e>,<b>,3,1,<e>,<b>,3,1,<e>,<b>,3,2,3,1,<e>,<b>,3,1,<e>,<b>,2,1,2,1,2,1,<e>,<b>,5,1,5,1,5,1,5,1,<e>,<b>,3,1,<e>,<b>,3,4,2,1,<e>,<b>,3,1,<e>,<b>,3,1,<e>,<b>,3,1,<e>,<b>,2,1,2,1,<e>,<b>,5,1,5,1,2,1,5,1,<e>,<b>,3,1,<e>,<b>,3,2,1,<e>,<b>,3,1,<e>,<b>,3,1,<e>,<b>,2,3,2,1,<e>,<b>,2,1,<e>,<b>,5,1,5,1,5,1,<e>,<b>,3,1,<e>,<b>,3,1,<e>,<b>,3,2,1,<e>,<b>,3,1,<e>,<b>,2,3,1,<e>,<b>,2,1,<e>,<b>,5,1,5,1,2,1,2,1,<e>,<b>,3,5,1,2,1,5,1,<e>,<b>,5,1,5,1,5,1,<e>,<b>,3,2,1,<e>,<b>,3,1,<e>,<b>,3,2,3,2,1,<e>,<b>,2,3,2,1,2,1,<e>,<b>,5,1,5,2,1,<e>,<b>,3,2,1,<e>,<b>,3,1,<e>,<b>,2,3,1,<e>,<b>,3,1,5,2,1,<e>,<b>,2,1,<e>,<b>,5,1,2,1,2,1,5,1,<e>,<b>,3.0,1,<e>,<b>,3,5,3,1,<e>
21408,<b>,5,1,<e>,<b>,3,1,<e>,<b>,3,2,1,<e>,<b>,5,1,<e>,<b>,3,1,<e>,<b>,3,1,<e>,<b>,3,2,1,<e>,<b>,3,2,1,<e>,<b>,3,1,<e>,<b>,3,2,1,<e>,<b>,3,2,1,<e>,<b>,3,2,1,<e>
21425,<b>,2,1,<e>,<b>,2,1,<e>,<b>,3,1,<e>,<b>,4,3,1,<e>,<b>,4,1,<e>,<b>,3,1,<e>,<b>,5,2,1,<e>,<b>,2,5,1,<e>,<b>,2,1,<e>,<b>,3,1,<e>,<b>,3,4,1,<e>,<b>,3,1,<e>,<b>,2,1,<e>,<b>,4,1,<e>,<b>,3,1,<e>,<b>,3,1,<e>,<b>,3,1,<e>,<b>,2,1,<e>,<b>,3,5,1,<e>,<b>,3,1,<e>,<b>,3,1,<e>,<b>,2,1,<e>,<b>,2,1,<e>,<b>,4,1,<e>,<b>,4,1,4,1,<e>,<b>,2,4,1,<e>,<b>,2,1,<e>,<b>,4,1,4,1,<e>,<b>,3,1,<e>,<b>,4,1,<e>,<b>,3,1,<e>,<b>,5,1,<e>,<b>,4,1,<e>,<b>,5,1,<e>,<b>,3,1,<e>,<b>,3,4,1,<e>,<b>,2,1,<e>
21462,<b>,3,1,1,<e>,<b>,3,1,<e>,<b>,3,1,2,1,<e>,<b>,3,1,<e>,<b>,3,1,2,1,<e>,<b>,3,1,<e>,<b>,3,1,<e>,<b>,3,1,2,1,<e>,<b>,3,1,<e>,<b>,3,1,<e>,<b>,3,1,<e>,<b>,3,1,2,1,<e>,<b>,3,1,<e>,<b>,3,1,<e>,<b>,3,2,1,2,1,<e>,<b>,3,1,<e>,<b>,3,1,<e>,<b>,3,1,<e>,<b>,3,1,<e>,<b>,3,1,2,1,<e>,<b>,3,1,<e>,<b>,3,2,1,<e>,<b>,3,1,2,1,<e>,<b>,3,2,1,<e>,<b>,3,2,1,<e>,<b>,3,1,<e>,<b>,3,2,1,<e>,<b>,3,1,<e>,<b>,3,1,2,1,<e>,<b>,3,2,1,<e>,<b>,3,1,<e>,<b>,3,1,2,1,<e>,<b>,3,1,<e>,<b>,3,2,1,<e>,<b>,3,1,<e>,<b>,3,2,1,<e>,<b>,3,1,<e>,<b>,3,1,<e>,<b>,3,2,1,<e>,<b>,3,2,1,<e>,<b>,3,1,<e>,<b>,3,2,1,<e>,<b>,3,2,1,<e>,<b>,3,1,<e>,<b>,3,1,<e>,<b>,3,2,1,<e>,<b>,3,1,2,1,<e>
21465,<b>,3,2,1,<e>,<b>,3,1,<e>,<b>,4,2,1,<e>,<b>,3,4,1,<e>,<b>,2,1,2,1,<e>,<b>,4,1,<e>,<b>,2,5,2,5,2,1,<e>,<b>,2,1,<e>,<b>,4,1,<e>,<b>,3,2,1,<e>,<b>,2,1,<e>,<b>,2,1,<e>,<b>,3,1,<e>,<b>,3,1,<e>,<b>,3,5,2,1,<e>,<b>,3,1,<e>,<b>,3,2,1,<e>,<b>,2,1,<e>,<b>,2,1,<e>,<b>,3,1,<e>,<b>,3,1,<e>,<b>,4,1,<e>,<b>,3,2,1,<e>,<b>,4,1,<e>,<b>,2,1,<e>,<b>,3,1,<e>,<b>,2,1,<e>,<b>,3,5,1,<e>,<b>,3,1,<e>,<b>,4,1,<e>,<b>,3,1,<e>,<b>,3,4,1,<e>,<b>,4,1,<e>,<b>,4,2,1,<e>,<b>,3,1,<e>,<b>,3,1,<e>,<b>,3,1,<e>,<b>,4,1,<e>
21491,<b>,3,1,<e>,<b>,2,1,<e>,<b>,2,1,<e>,<b>,2,1,<e>,<b>,2,1,<e>,<b>,2,1,<e>,<b>,3,1,<e>,<b>,2,1,<e>,<b>,2,1,<e>,<b>,2,1,<e>,<b>,3,1,<e>,<b>,3,1,<e>,<b>,2,5,1,5,1,<e>,<b>,3,2,1,<e>,<b>,5,1,<e>,<b>,3,1,<e>,<b>,2,5,1,<e>,<b>,3,5,1,<e>,<b>,2,1,<e>,<b>,3,1,<e>,<b>,2,1,<e>,<b>,2,1,<e>,<b>,3,1,<e>,<b>,2,1,<e>,<b>,3,1,<e>,<b>,3,2,1,<e>,<b>,2,5,1,<e>,<b>,3,1,<e>,<b>,3,1,<e>,<b>,2,1,<e>,<b>,3,1,<e>,<b>,2,1,<e>,<b>,2,5,1,<e>
21498,<b>,2,1,<e>,<b>,3,1,<e>,<b>,3,1,<e>,<b>,3,1,<e>,<b>,3,1,<e>,<b>,3,1,<e>,<b>,3,1,<e>,<b>,3,1,<e>,<b>,4,1,<e>,<b>,3,1,<e>,<b>,3,1,<e>,<b>,3,1,<e>,<b>,3,1,<e>,<b>,2,1,<e>,<b>,3,1,<e>,<b>,3,1,<e>,<b>,3,1,<e>,<b>,3,1,<e>,<b>,3,1,<e>,<b>,3,5,1,<e>
21500,<b>,2,1,<e>,<b>,2,1,<e>,<b>,3,1,<e>,<b>,3,1,<e>,<b>,3,1,<e>,<b>,3,1,<e>,<b>,2,1,<e>,<b>,2,1,<e>,<b>,3,1,<e>,<b>,3,1,<e>,<b>,3,1,<e>,<b>,3,4,1,<e>,<b>,2,3,1,<e>,<b>,3,1,<e>,<b>,3,1,<e>,<b>,3,4,1,<e>,<b>,3,1,<e>,<b>,3,1,<e>,<b>,2,1,<e>,<b>,3,1,<e>,<b>,3,1,<e>,<b>,3,1,<e>
21507,<b>,2,1,2,1,<e>,<b>,2,1,<e>,<b>,2,1,<e>,<b>,3,2,1,<e>,<b>,3,2,1,<e>,<b>,3,1,<e>,<b>,3,2,1,<e>,<b>,2,1,<e>,<b>,2,1,<e>,<b>,3,2,1,<e>,<b>,3,2,1,<e>,<b>,3,1,<e>,<b>,3,2,1,<e>,<b>,3,2,1,<e>,<b>,2,1,<e>,<b>,5,2,1,<e>,<b>,3,1,<e>,<b>,3,2,1,<e>,<b>,3,2,1,<e>,<b>,3,2,1,<e>,<b>,3,2,1,<e>,<b>,5,1,2,1,<e>,<b>,2,1,<e>,<b>,3,2,1,<e>,<b>,3,1,<e>,<b>,3,1,<e>,<b>,3,2,1,<e>,<b>,3,2,1,<e>,<b>,2,1,<e>,<b>,5,2,1,<e>,<b>,3,2,1,<e>,<b>,3,2,1,<e>,<b>,2,1,<e>,<b>,3,2,1,<e>,<b>,3,2,1,<e>,<b>,2,1,5,1,2,1,<e>,<b>,5,2,1,2,1,<e>,<b>,3,2,1,<e>,<b>,3,2,1,<e>,<b>,3,2,1,<e>,<b>,3,2,1,<e>,<b>,3,2,1,<e>,<b>,2,1,<e>,<b>,2,1,<e>,<b>,2,1,<e>,<b>,3,2,1,<e>,<b>,3,2,1,<e>,<b>,3,2,1,<e>,<b>,3,2,1,<e>,<b>,2,1,5,1,<e>,<b>,2,1,<e>,<b>,3,2,1,<e>,<b>,2,1,<e>,<b>,3,2,1,<e>,<b>,3,2,1,<e>
21521,<b>,3,2,2,1,<e>,<b>,2,1,<e>,<b>,3,1,<e>,<b>,3,1,<e>,<b>,3,1,<e>,<b>,3,1,<e>,<b>,2,1,5,1,2,1,2,1,<e>,<b>,3,1,<e>,<b>,3,1,<e>,<b>,5,1,2,1,2,1,5,1,<e>,<b>,3,1,<e>,<b>,3,1,<e>,<b>,3,1,2,1,<e>,<b>,2,1,2,1,5,1,<e>,<b>,3,1,<e>,<b>,3,1,<e>,<b>,3,1,<e>,<b>,3,1,<e>,<b>,3,1,<e>,<b>,2,1,<e>,<b>,5,1,2,1,<e>,<b>,5,2,1,<e>,<b>,3,1,<e>,<b>,3,1,<e>,<b>,3,1,<e>,<b>,3,1,<e>,<b>,3,1,<e>,<b>,3,1,<e>,<b>,3,1,<e>,<b>,2,1,<e>,<b>,3,1,<e>,<b>,3,1,<e>,<b>,3,1,<e>,<b>,3,1,<e>,<b>,3,1,<e>,<b>,3,1,<e>,<b>,3,1,<e>,<b>,3,1,<e>,<b>,3,1,<e>,<b>,3,1,<e>,<b>,3,1,<e>,<b>,3,1,<e>,<b>,3,1,<e>,<b>,3,1,<e>
21522,<b>,2,1,<e>,<b>,3,1,<e>,<b>,3,1,<e>,<b>,3,1,<e>,<b>,3,1,<e>,<b>,2,1,2,1,<e>,<b>,3,1,<e>,<b>,3,1,<e>,<b>,2,1,<e>,<b>,3,1,<e>,<b>,3,2,1,<e>,<b>,2,1,<e>,<b>,3,1,<e>,<b>,3,1,<e>,<b>,3,1,<e>,<b>,3,1,<e>,<b>,2,1,<e>,<b>,3,1,<e>,<b>,3,1,<e>,<b>,5,3,1,<e>,<b>,3,1,<e>,<b>,2,1,<e>,<b>,5,1,<e>,<b>,3,1,<e>,<b>,2,1,<e>,<b>,3,1,<e>,<b>,3,1,<e>,<b>,2,1,2,1,<e>,<b>,3,1,<e>,<b>,3,1,<e>,<b>,3,1,<e>,<b>,5,2,1,<e>,<b>,3,1,<e>,<b>,3,1,<e>,<b>,3,1,<e>,<b>,3,1,<e>,<b>,2,1,<e>,<b>,2,1,<e>,<b>,2,1,<e>,<b>,3,1,<e>,<b>,3,1,<e>
21432,<b>,5,5,1,<e>,<b>,3,1,5,1,<e>,<b>,3,1,<e>,<b>,3,4,1,<e>,<b>,3,4,1,<e>,<b>,3,1,<e>,<b>,3,1,<e>,<b>,4,1,<e>,<b>,3,1,<e>,<b>,5,1,<e>,<b>,4,1,<e>,<b>,3,1,<e>,<b>,4,1,<e>,<b>,3,1,<e>,<b>,5,2,1,<e>,<b>,2,1,<e>,<b>,3,1,<e>,<b>,3,1,<e>,<b>,5,2,1,<e>,<b>,2,1,<e>,<b>,4,3,1,<e>,<b>,3,1,<e>,<b>,2,1,<e>,<b>,3,1,<e>,<b>,3,2,1,<e>,<b>,3,1,<e>,<b>,3,1,<e>,<b>,4,1,<e>,<b>,3,4,1,<e>,<b>,3,1,<e>,<b>,3,1,<e>,<b>,3,1,<e>,<b>,3,1,<e>,<b>,3,1,<e>,<b>,2,1,<e>,<b>,3,4,1,<e>,<b>,3,1,<e>
21446,<b>,5,1,<e>,<b>,2,1,<e>,<b>,4,1,<e>,<b>,2,1,<e>
21469,<b>,5,1,<e>,<b>,2,1,<e>,<b>,3,1,<e>,<b>,3,1,<e>,<b>,3,1,2,1,<e>,<b>,3,1,<e>,<b>,3,1,<e>,<b>,3,1,<e>,<b>,3,1,<e>,<b>,3,1,<e>,<b>,5,3,1,<e>,<b>,3,1,<e>,<b>,3,1,<e>,<b>,3,1,<e>,<b>,3,1,<e>,<b>,3,1,<e>,<b>,3,1,<e>,<b>,5,2,1,<e>
21472,<b>,2,1,<e>,<b>,3,4,1,<e>,<b>,3,4,1,<e>,<b>,4,1,<e>,<b>,2,1,2,1,<e>,<b>,2,1,<e>,<b>,3,1,<e>,<b>,4,2,1,<e>,<b>,4,1,<e>,<b>,4,2,1,<e>,<b>,2,1,<e>,<b>,2,1,<e>,<b>,3,4,1,<e>,<b>,3,4,1,<e>,<b>,2,1,<e>,<b>,3,2,1,<e>,<b>,3,1,<e>,<b>,5,2,1,2,1,<e>,<b>,2,1,<e>,<b>,3,1,<e>,<b>,4,2,1,<e>,<b>,3,1,<e>,<b>,4,1,<e>,<b>,3,1,<e>,<b>,2,5,1,<e>,<b>,3,1,<e>,<b>,3,4,1,<e>,<b>,2,1,2,1,<e>,<b>,4,1,<e>,<b>,2,1,5,2,1,<e>,<b>,2,1,<e>,<b>,3,1,<e>,<b>,3,4,1,<e>,<b>,3,2,1,<e>,<b>,2,1,5,2,1,<e>,<b>,2,1,2,1,<e>,<b>,3,5,1,<e>,<b>,3,4,5,1,<e>,<b>,5,1,<e>,<b>,5,1,2,1,<e>,<b>,3,2,4,2,1,<e>,<b>,5,1,<e>,<b>,3,5,1,<e>,<b>,2,1,2,1,<e>,<b>,3,1,<e>,<b>,4,1,<e>
21480,<b>,2,1,2,1,<e>,<b>,2,1,2,1,<e>,<b>,3,1,<e>,<b>,3,1,<e>,<b>,3,4,1,2,1,<e>,<b>,2,1,5,1,<e>,<b>,3,1,<e>,<b>,3,1,<e>,<b>,3,1,<e>,<b>,3,1,<e>,<b>,3,1,<e>,<b>,2,1,<e>,<b>,2,1,5,2,1,<e>,<b>,3,4,1,2,1,<e>,<b>,4,2,1,<e>,<b>,3,2,1,<e>,<b>,2,1,2,1,<e>,<b>,3,1,<e>,<b>,3,2,1,<e>,<b>,5,1,<e>,<b>,2,1,<e>,<b>,3,1,<e>,<b>,3,2,1,<e>,<b>,2,1,<e>,<b>,3,1,<e>,<b>,3,1,<e>,<b>,2,1,2,1,<e>,<b>,3,2,1,<e>,<b>,2,1,<e>,<b>,3,2,1,<e>,<b>,3,1,<e>,<b>,2,1,2,1,<e>,<b>,3,1,<e>,<b>,5,2,1,<e>,<b>,3,2,1,<e>,<b>,2,1,<e>,<b>,2,1,2,1,<e>,<b>,3,2,1,<e>,<b>,3,1,<e>,<b>,5,3,1,<e>,<b>,5,1,2,1,<e>,<b>,2,1,<e>,<b>,3,1,<e>,<b>,3,2,1,<e>,<b>,4,2,1,<e>,<b>,3,1,<e>,<b>,3,1,<e>,<b>,3,1,<e>
21511,<b>,2,1,<e>,<b>,3,2,5,1,<e>,<b>,3,2,1,<e>,<b>,3,2,1,<e>,<b>,3,2,1,2,1,<e>,<b>,3,1,<e>,<b>,2,1,<e>,<b>,2,1,<e>,<b>,5,1,<e>,<b>,2,1,<e>,<b>,3,1,<e>,<b>,2,1,<e>,<b>,3,2,1,<e>,<b>,3,1,<e>,<b>,2,1,<e>,<b>,3,1,<e>,<b>,3,1,<e>,<b>,2,1,<e>,<b>,2,1,<e>,<b>,2,1,<e>,<b>,2,1,<e>,<b>,2,1,<e>,<b>,3,1,<e>,<b>,3,5,1,<e>,<b>,5,1,<e>,<b>,2,1,<e>,<b>,3,2,1,<e>,<b>,3,1,<e>,<b>,2,1,<e>,<b>,3,2,3,1,<e>,<b>,3,1,<e>,<b>,3,1,<e>,<b>,3,2,1,<e>,<b>,3,2,1,<e>,<b>,2,1,<e>,<b>,2,1,2,1,<e>,<b>,3,2,1,<e>,<b>,3,1,<e>,<b>,3,1,<e>,<b>,3,1,<e>,<b>,3,1,<e>,<b>,2,1,<e>,<b>,3,1,<e>,<b>,3,2,1,<e>,<b>,3,1,<e>,<b>,3,1,<e>
21401,<b>,3,1,<e>,<b>,3,1,<e>,<b>,3,1,<e>,<b>,3,1,<e>
21423,<b>,3,1,<e>,<b>,4,1,<e>,<b>,3,2,1,<e>,<b>,4,1,<e>,<b>,2,1,<e>,<b>,3,1,<e>,<b>,3,1,<e>,<b>,3,1,<e>,<b>,3,2,1,<e>,<b>,2,1,<e>,<b>,3,1,<e>,<b>,3,1,<e>,<b>,3,2,1,<e>,<b>,3,1,<e>,<b>,2,1,<e>,<b>,3,2,1,<e>,<b>,4,1,<e>,<b>,3,1,<e>,<b>,3,2,1,<e>,<b>,4,1,<e>,<b>,2,1,<e>,<b>,2,1,<e>,<b>,4,1,<e>,<b>,3,2,1,<e>,<b>,3,1,<e>,<b>,3,2,1,<e>,<b>,3,1,<e>,<b>,3,1,<e>,<b>,3,2,1,<e>,<b>,3,2,1,<e>,<b>,3,1,<e>,<b>,3,2,1,<e>,<b>,3,1,<e>,<b>,3,2,1,<e>,<b>,3,2,1,<e>
21430,<b>,3,3,2,1,<e>,<b>,3,2,5,1,2,1,<e>,<b>,3,4,1,2,1,<e>,<b>,3,4,1,2,1,<e>,<b>,2,5,2,1,<e>,<b>,2,1,<e>,<b>,3,4,1,2,1,<e>,<b>,3,2,1,2,1,<e>,<b>,4,1,4,2,1,<e>,<b>,3,4,2,1,2,1,<e>,<b>,3,4,1,2,1,<e>,<b>,2,1,<e>,<b>,2,1,2,1,<e>,<b>,3,4,2,1,<e>,<b>,3,5,2,1,2,1,<e>,<b>,3,2,1,<e>,<b>,3,4,1,2,1,<e>,<b>,3,4,2,1,<e>,<b>,2,5,2,1,<e>,<b>,3,4,2,1,<e>,<b>,3,4,1,2,1,<e>,<b>,2,1,<e>,<b>,3,4,1,2,1,<e>,<b>,3,2,1,<e>,<b>,2,1,<e>,<b>,3,4,1,2,1,<e>,<b>,3,4,2,1,<e>,<b>,3,4,1,2,1,<e>,<b>,3,4,1,2,1,<e>,<b>,2,1,<e>,<b>,3,4,2,1,<e>,<b>,3,4,2,1,<e>,<b>,5,4,2,1,<e>,<b>,3,4,1,2,1,<e>,<b>,2,1,<e>,<b>,2,1,<e>,<b>,3,4,4.0,2,1,<e>,<b>,3,4,2,1,<e>
21438,<b>,3,1,1,<e>,<b>,3,1,<e>,<b>,3,1,<e>,<b>,4,1,<e>,<b>,3,1,<e>,<b>,3,1,<e>,<b>,2,1,<e>,<b>,3,1,<e>,<b>,3,1,<e>,<b>,3,1,2,1,<e>,<b>,3,1,<e>,<b>,2,1,<e>,<b>,2,1,<e>,<b>,3,1,<e>,<b>,4,1,<e>,<b>,3,1,<e>,<b>,3,1,<e>,<b>,3,1,<e>,<b>,2,1,<e>,<b>,3,1,<e>,<b>,3,1,<e>,<b>,2,1,<e>,<b>,3,4,1,<e>,<b>,3,1,<e>,<b>,2,1,<e>,<b>,2,1,<e>,<b>,3,1,<e>,<b>,3,1,<e>,<b>,3,1,<e>,<b>,3,1,<e>,<b>,4,1,<e>,<b>,4,1,<e>,<b>,3,1,<e>,<b>,3,1,<e>,<b>,3,1,<e>,<b>,4,1,<e>,<b>,3,1,<e>,<b>,3,1,<e>,<b>,3,1,<e>
21442,<b>,3,1,<e>,<b>,3,1,<e>,<b>,3,1,<e>,<b>,3,1,<e>,<b>,3,2,1,<e>,<b>,2,1,<e>,<b>,2,1,<e>,<b>,3,1,<e>,<b>,3,1,<e>,<b>,3,1,<e>,<b>,3,2,1,<e>,<b>,2,1,<e>,<b>,2,1,5,1,<e>,<b>,2,1,<e>,<b>,3,1,<e>,<b>,3,1,<e>,<b>,3,1,<e>,<b>,2,1,<e>,<b>,2,1,<e>,<b>,5,3,1,<e>,<b>,3,1,<e>,<b>,3,1,<e>,<b>,3,1,<e>,<b>,3,1,<e>,<b>,2,1,<e>,<b>,3,1,<e>,<b>,2,5,1,<e>,<b>,3,1,<e>,<b>,3,1,<e>,<b>,2,1,<e>,<b>,2,1,<e>,<b>,3,1,<e>,<b>,3,1,<e>,<b>,3,1,<e>,<b>,3,1,<e>,<b>,2,1,<e>,<b>,2,1,<e>,<b>,2,1,<e>,<b>,3,1,<e>,<b>,3,1,<e>,<b>,3,1,<e>,<b>,3,1,<e>,<b>,3,1,<e>,<b>,2,1,<e>,<b>,2,1,<e>,<b>,3,1,<e>,<b>,2,1,<e>,<b>,3,1,<e>,<b>,3,1,<e>
21475,<b>,3,1,<e>,<b>,3,1,<e>,<b>,3,1,<e>,<b>,3,1,<e>,<b>,3,1,<e>,<b>,2,1,<e>,<b>,2,1,2,1,<e>,<b>,5,2,5,2,1,<e>,<b>,2,1,<e>,<b>,2,1,<e>,<b>,3,1,<e>,<b>,3,1,<e>,<b>,2,1,2,1,<e>,<b>,3,1,<e>,<b>,3,1,<e>,<b>,3,1,<e>,<b>,3,1,<e>,<b>,3,1,<e>,<b>,2,1,2,1,<e>,<b>,3,1,<e>,<b>,3,1,<e>,<b>,3,1,<e>,<b>,3,1,<e>,<b>,3,1,<e>,<b>,2,1,2,1,<e>,<b>,2,1,<e>,<b>,2,1,<e>,<b>,2,1,<e>,<b>,2,1,<e>,<b>,3,1,2,1,<e>,<b>,2,1,2,1,<e>,<b>,3,5,1,2,1,<e>,<b>,3,1,5,1,<e>,<b>,3,1,<e>,<b>,3,1,<e>,<b>,3,2,1,<e>,<b>,2,1,<e>,<b>,2,1,2,1,<e>,<b>,3,1,<e>,<b>,3,1,<e>,<b>,3,1,<e>,<b>,3,1,<e>,<b>,3,1,<e>,<b>,2,1,<e>,<b>,2,1,<e>,<b>,3,1,<e>,<b>,3,1,<e>
21520,<b>,3,5,1,<e>,<b>,3,1,<e>,<b>,3,2,1,<e>,<b>,3,1,<e>,<b>,3,1,<e>,<b>,3,1,<e>,<b>,3,2,1,4,1,<e>,<b>,3,4,1,<e>,<b>,2,1,<e>,<b>,2,1,<e>,<b>,3,2,1,<e>,<b>,3,1,<e>,<b>,3,2,1,4,1,<e>,<b>,3,1,<e>,<b>,3,2,1,<e>,<b>,2,1,<e>,<b>,2,1,<e>,<b>,3,1,<e>,<b>,3,2,1,<e>,<b>,3,1,<e>,<b>,3,2,1,<e>,<b>,3,4,1,<e>,<b>,2,1,2,1,<e>,<b>,2,1,<e>,<b>,3,1,<e>,<b>,2,5,1,<e>,<b>,3,2,1,<e>,<b>,3,2,1,<e>,<b>,2,1,2,1,<e>,<b>,3,2,1,<e>,<b>,3,2,1,<e>,<b>,3,2,1,<e>,<b>,3,1,<e>,<b>,3,1,<e>,<b>,2,1,<e>,<b>,2,1,<e>,<b>,3,1,<e>,<b>,3,2,1,<e>,<b>,3,2,1,4,1,<e>,<b>,3,1,<e>,<b>,3,5,2,1,<e>,<b>,3,4,1,<e>,<b>,3,2,1,<e>
21523,<b>,3,5,1,<e>,<b>,3,1,2,1,<e>,<b>,2,1,<e>,<b>,3,1,<e>,<b>,5,2,5,1,<e>,<b>,3,1,<e>,<b>,2,5,1,<e>,<b>,2,1,<e>,<b>,3,1,<e>,<b>,2,1,<e>,<b>,3,1,<e>,<b>,3,2,1,<e>,<b>,3,5,1,<e>,<b>,3,1,2,1,<e>,<b>,3,1,<e>,<b>,2,5,2,1,2,1,<e>,<b>,2,1,<e>,<b>,3,1,<e>,<b>,3,1,<e>,<b>,5,2,5,2,1,<e>,<b>,3,1,<e>,<b>,3,5,1,<e>
21529,<b>,3,2,1,<e>,<b>,3,1,2,1,<e>,<b>,5,3,1,5,1,<e>,<b>,5,3,1,2,5,1,<e>,<b>,5,3,1,5,1,<e>,<b>,5,1,5,2,1,5,1,<e>,<b>,2,1,2,1,2,1,<e>,<b>,5,3,1,5,1,<e>,<b>,5,3,1,5,1,<e>,<b>,5,3,1,5,1,5,1,<e>,<b>,5,3,2,1,5,1,2,5,2,1,<e>,<b>,5,3,1,5,1,<e>,<b>,2,1,<e>,<b>,5,3,1,5,1,<e>,<b>,5,3,1,5,1,<e>,<b>,5,3,1,5,1,2,5,2,1,<e>,<b>,5,3,1,5,1,<e>,<b>,2,1,<e>,<b>,2,1,5,1,<e>,<b>,5,3,1,5,1,<e>,<b>,5,3,2,1,5,1,<e>,<b>,5,1,3,1,5,1,<e>,<b>,5,3,1,5,1,2,1,<e>,<b>,5,3,1,5,1,<e>,<b>,5,3,1,5,1,<e>,<b>,5,3,1,5,1,<e>,<b>,2,1,<e>,<b>,5,3,1,2,5,1,<e>,<b>,5,3,1,5,1,<e>,<b>,2,1,5,1,4,1,<e>,<b>,2,1,2,1,2,1,<e>,<b>,5,3,1,5,1,<e>,<b>,5,3,1,5,1,5,1,<e>,<b>,5,3,1,5,1,<e>,<b>,3,1,5,1,2,5,1,<e>,<b>,5,3,1,<e>,<b>,2,1,<e>,<b>,5,3,1,5,1,<e>,<b>,5,3,1,5,1,5,1,<e>,<b>,3,4,2,4.0,1,2,1,5,1,<e>,<b>,5,3,1,5,1,2,1,<e>,<b>,5,3,1,5,1,<e>,<b>,2,1,2,1,<e>,<b>,2,1,2,1,2,1,<e>,<b>,5,3,1,5,1,<e>,<b>,2.0,1.0,2,5.0,1,<e>,<b>,5.0,3.0,2.0,1,5,1,<e>,<b>,5.0,3,1,5.0,1.0,2,5,1,<e>
21463,<b>,3,3,1,<e>,<b>,3,1,<e>,<b>,3,4,5,1,<e>,<b>,3,2,5,1,5,1,<e>,<b>,3,1,<e>,<b>,3,4,1,<e>,<b>,3,4,1,<e>,<b>,3,5,3,4,1,<e>,<b>,3,1,<e>,<b>,3,5,4,1,5,1,5,1,2,1,<e>,<b>,3,1,<e>,<b>,3,2,3,1,2,1,<e>,<b>,3,1,5,1,<e>,<b>,3,1,<e>,<b>,3,1,3,1,<e>,<b>,3,1,1.0,1,<e>,<b>,3,1,2,1,5,1,<e>,<b>,3,1,2,1,<e>,<b>,3,1,<e>,<b>,3,4,2.0,4.0,2,2.0,1,<e>,<b>,3.0,5.0,1.0,<e>,<b>,3,1,1.0,<e>,<b>,3.0,1,<e>,<b>,5,1.0,<e>,<b>,3.0,1.0,<e>,<b>,3.0,1.0,<e>,<b>,5.0,3.0,1.0,<e>,<b>,3,1.0,<e>,<b>,3.0,1.0,<e>,<b>,3.0,1,<e>,<b>,3.0,1.0,<e>
21476,<b>,3,1,<e>,<b>,3,1,<e>,<b>,3,1,<e>,<b>,3,1,<e>,<b>,2,1,<e>,<b>,3,1,<e>,<b>,3,1,<e>,<b>,3,1,<e>,<b>,3,1,<e>,<b>,2,1,<e>,<b>,3,4,1,<e>,<b>,3,1,<e>,<b>,3,1,<e>,<b>,3,1,<e>,<b>,3,1,<e>,<b>,3,1,<e>,<b>,4,1,<e>,<b>,3,1,<e>,<b>,3,1,<e>,<b>,3,1,<e>,<b>,3,1,<e>,<b>,2,1,<e>,<b>,3,1,<e>,<b>,3,1,<e>,<b>,3,1,<e>,<b>,3,1,<e>,<b>,3,1,<e>,<b>,3,1,<e>,<b>,4,1,<e>,<b>,4,1,<e>,<b>,3,1,<e>,<b>,3,1,<e>,<b>,3,1,<e>
21514,<b>,5,1,<e>,<b>,3,2,1,<e>,<b>,5,1,<e>,<b>,3,1,<e>,<b>,4,1,<e>,<b>,4,1,<e>,<b>,3,1,<e>,<b>,3,1,<e>,<b>,3,1,<e>,<b>,3,1,<e>,<b>,3,1,<e>,<b>,3,1,<e>,<b>,3,1,<e>,<b>,3,1,<e>,<b>,3,1,<e>,<b>,2,1,<e>,<b>,3,1,<e>,<b>,3,1,<e>,<b>,3,1,<e>,<b>,4,1,<e>,<b>,4,1,<e>,<b>,3,1,<e>,<b>,3,1,<e>,<b>,3,1,<e>
21431,<b>,5,3,1,<e>,<b>,3,1,<e>,<b>,3,1,<e>,<b>,3,1,<e>,<b>,3,1,<e>,<b>,3,1,<e>,<b>,3,1,<e>,<b>,3,1,<e>,<b>,3,1,<e>,<b>,3,1,<e>,<b>,3,1,<e>,<b>,3,1,<e>,<b>,3,1,<e>,<b>,3,1,<e>,<b>,3,1,<e>,<b>,3,1,<e>,<b>,3,1,<e>,<b>,2,1,<e>,<b>,4,1,<e>,<b>,3,1,<e>,<b>,3,1,<e>,<b>,3,5,1,<e>,<b>,3,1,<e>,<b>,5,1,<e>,<b>,3,1,<e>
21433,<b>,3,4,5,1,<e>,<b>,3,4,1,<e>,<b>,2,1,5,1,<e>,<b>,2,1,<e>,<b>,3,4,5,1,<e>,<b>,3,4,1,4,1,<e>,<b>,3,4,1,5,1,<e>,<b>,2,3,5,1,<e>,<b>,3,4,2,1,<e>,<b>,2,1,2,5,2,1,<e>,<b>,2,5,1,<e>,<b>,5,1,<e>,<b>,5,3,4,1,2,1,<e>,<b>,3,2,1,<e>,<b>,2,3,1,<e>,<b>,3,4,1,<e>,<b>,4,1,<e>,<b>,5,3,2,1,<e>,<b>,3,2,1,<e>,<b>,2,3,4,2,1,<e>,<b>,2,1,<e>,<b>,3,4,2,1,<e>,<b>,3,2,1,2,1,<e>,<b>,2,1,<e>,<b>,2,3,4,1,2,1,<e>,<b>,3,2,1,2,1,<e>,<b>,3,2,1,<e>,<b>,2,3,2,1,<e>,<b>,2,1,<e>,<b>,2,1,<e>,<b>,3,2,1,<e>,<b>,3,4,1,4,2,1,<e>,<b>,2,3,4,5,1,<e>,<b>,3,4,1,<e>,<b>,3,4,2,1,<e>,<b>,2,1,2,1,<e>,<b>,3,4,2,1,<e>
21487,<b>,3,1,<e>,<b>,3,4,1,<e>,<b>,2,4,1,<e>,<b>,5,2,1,<e>,<b>,3,2,1,<e>,<b>,3,1,<e>,<b>,2,1,<e>
21493,<b>,4,5,1,<e>,<b>,2,1,<e>,<b>,4,1,<e>
21532,<b>,3,1,1,<e>,<b>,2,1,<e>,<b>,3,1,<e>,<b>,3,1,<e>,<b>,2,1,<e>,<b>,4,1,<e>,<b>,2,1,<e>,<b>,3,4,1,<e>,<b>,2,1,<e>
21405,<b>,2,1,<e>,<b>,4,1,<e>,<b>,2,1,<e>,<b>,2,1,<e>,<b>,5,1,<e>,<b>,2,1,<e>,<b>,4,1,<e>,<b>,2,1,<e>,<b>,5,1,<e>,<b>,4,1,<e>,<b>,3,1,<e>,<b>,5,1,<e>,<b>,5,1,<e>,<b>,2,1,<e>
21434,<b>,3,1,<e>,<b>,2,1,<e>,<b>,3,1,<e>,<b>,3,1,<e>,<b>,3,1,<e>,<b>,3,1,<e>,<b>,2,1,<e>,<b>,3,1,<e>,<b>,3,1,<e>,<b>,5,3,1,<e>,<b>,3,1,<e>,<b>,3,1,<e>,<b>,2,1,<e>,<b>,3,1,<e>,<b>,4,1,<e>,<b>,5,3,1,<e>,<b>,3,1,<e>,<b>,3,1,<e>,<b>,3,1,<e>,<b>,3,1,<e>,<b>,3,1,<e>,<b>,3,1,<e>,<b>,3,1,<e>,<b>,3,1,<e>,<b>,3,5,1,<e>,<b>,3,1,<e>,<b>,3,1,<e>,<b>,3,1,<e>,<b>,3,1,<e>,<b>,3,1,<e>,<b>,3,2,1,<e>
21461,<b>,3,1,<e>,<b>,2,1,<e>,<b>,2,1,<e>,<b>,3,1,<e>,<b>,3,1,<e>,<b>,3,1,<e>,<b>,3,1,<e>,<b>,3,1,<e>,<b>,3,1,<e>,<b>,2,1,<e>,<b>,3,1,<e>,<b>,3,1,<e>,<b>,3,1,<e>,<b>,3,1,<e>,<b>,2,1,2,1,<e>,<b>,2,5,1,2,1,2,1,<e>,<b>,3,1,<e>,<b>,3,1,<e>,<b>,3,1,<e>,<b>,3,1,<e>,<b>,3,1,<e>,<b>,2,1,<e>,<b>,3,1,<e>,<b>,3,5,1,<e>,<b>,3,5,1,<e>,<b>,3,1,<e>,<b>,2,1,<e>,<b>,2,1,2,1,<e>,<b>,3,1,<e>,<b>,3,1,<e>,<b>,3,1,<e>,<b>,3,1,<e>,<b>,3,1,<e>,<b>,2,1,<e>,<b>,3,1,<e>,<b>,3,1,<e>,<b>,3,1,<e>,<b>,2,1,5,1,<e>
21485,<b>,2,1,<e>,<b>,2,1,<e>,<b>,4,1,<e>,<b>,3,1,<e>,<b>,2,1,<e>,<b>,3,1,<e>,<b>,3,4,1,<e>,<b>,3,1,<e>,<b>,4,1,<e>
21505,<b>,2,1,<e>,<b>,2,1,<e>,<b>,2,1,<e>,<b>,2,1,<e>,<b>,2,1,<e>,<b>,2,1,<e>,<b>,3,1,<e>,<b>,3,1,2,1,<e>
21516,<b>,5,1,<e>,<b>,3,1,<e>,<b>,2,1,<e>,<b>,3,1,<e>,<b>,5,1,<e>,<b>,3,1,<e>,<b>,3,1,<e>,<b>,2,1,<e>,<b>,3,2,1,<e>,<b>,3,2,1,<e>,<b>,2,1,<e>,<b>,3,1,<e>,<b>,5,1,<e>
21517,<b>,2,1,<e>,<b>,2,1,<e>,<b>,2,1,<e>,<b>,2,1,<e>,<b>,3,1,<e>,<b>,2,1,<e>,<b>,2,1,<e>,<b>,3,1,<e>,<b>,3,1,<e>
21536,<b>,3,1,<e>,<b>,3,1,<e>,<b>,2,1,<e>,<b>,3,2,1,<e>,<b>,3,1,2,1,<e>,<b>,5,1,<e>,<b>,3,1,<e>,<b>,3,5,1,<e>,<b>,3,1,<e>,<b>,3,1,<e>,<b>,5,1,<e>,<b>,3,1,<e>,<b>,3,2,5,1,<e>,<b>,3,1,<e>,<b>,3,1,<e>,<b>,3,1,<e>,<b>,3,1,<e>,<b>,3,2,1,<e>,<b>,2,1,5,2,1,<e>,<b>,3,1,<e>,<b>,3,1,<e>,<b>,2,1,5,1,2,1,<e>,<b>,3,1,<e>,<b>,3,1,<e>,<b>,3,2,1,<e>,<b>,2,1,<e>,<b>,5,2,1,<e>,<b>,3,1,<e>,<b>,3,2,1,<e>,<b>,3,2,1,<e>,<b>,3,2,1,<e>,<b>,5,2,1,2,1,<e>,<b>,3,2,1,2,1,<e>,<b>,3,2,1,2,1,<e>,<b>,2,1,<e>,<b>,3,1,<e>,<b>,3,1,<e>,<b>,2,1,<e>,<b>,3,1,<e>,<b>,3,1,<e>,<b>,3,2,1,<e>
21429,<b>,3,2,1,<e>,<b>,2,1,<e>,<b>,2,1,<e>,<b>,5,2,1,5,1,5,1,2,1,<e>,<b>,3,2,1,<e>,<b>,3,2,1,<e>,<b>,3,2,1,<e>,<b>,2,1,<e>,<b>,2,1,<e>,<b>,2,1,5,2,1,<e>,<b>,3,2,1,<e>,<b>,3,2,1,<e>,<b>,3,2,1,2,1,<e>,<b>,3,2,1,<e>,<b>,3,2,1,5,1,2,1,<e>,<b>,2,1,2,1,<e>,<b>,2,1,<e>
21486,<b>,3,1,<e>,<b>,3,1,<e>,<b>,3,1,<e>,<b>,3,1,<e>,<b>,3,1,<e>,<b>,3,2,1,<e>,<b>,3,2,1,<e>,<b>,3,2,1,<e>,<b>,2,3,1,<e>,<b>,3,2,1,<e>,<b>,3,1,<e>,<b>,3,1,<e>,<b>,3,1,<e>,<b>,3,2,1,<e>,<b>,3,1,<e>,<b>,2,1,<e>,<b>,3,2,1,<e>,<b>,2,1,<e>,<b>,3,1,<e>,<b>,2,1,<e>,<b>,3,4,1,<e>,<b>,3,4,1,<e>,<b>,3,1,<e>,<b>,3,2,1,<e>,<b>,2,1,<e>
21504,<b>,3,1,<e>
21508,<b>,3,1,<e>,<b>,3,1,<e>,<b>,3,1,<e>,<b>,3,1,<e>,<b>,3,1,<e>,<b>,3,2,1,<e>,<b>,3,2,1,<e>,<b>,3,1,<e>,<b>,3,1,<e>,<b>,3,1,<e>,<b>,3,1,<e>,<b>,3,1,<e>,<b>,3,2,1,<e>,<b>,3,1,<e>,<b>,3,1,<e>,<b>,3,2,1,<e>,<b>,3,1,<e>,<b>,3,1,<e>,<b>,2,1,<e>,<b>,2,1,<e>,<b>,5,1,<e>,<b>,3,1,<e>,<b>,3,1,<e>,<b>,3,1,<e>,<b>,3,1,<e>,<b>,3,1,<e>,<b>,3,1,<e>,<b>,3,1,<e>,<b>,3,2,1,<e>
21512,<b>,3,4,1,<e>,<b>,3,1,<e>,<b>,3,1,<e>,<b>,5,1,<e>,<b>,3,1,<e>
21426,<b>,2,5,1,<e>,<b>,3,1,<e>,<b>,3,1,<e>,<b>,3,1,<e>,<b>,3,1,<e>,<b>,3,2,1,<e>,<b>,2,1,<e>,<b>,3,1,<e>,<b>,2,1,<e>,<b>,2,1,<e>,<b>,2,1,<e>,<b>,2,1,<e>,<b>,4,1,<e>,<b>,3,1,<e>,<b>,2,1,<e>
21412,<b>,4,1,<e>,<b>,3,1,<e>,<b>,3,4,1,<e>,<b>,3,1,<e>,<b>,3,1,<e>,<b>,3,4,1,<e>,<b>,4,2,1,<e>,<b>,4,2,4,2,1,<e>,<b>,3,1,<e>,<b>,3,1,<e>,<b>,3,1,<e>,<b>,4,1,<e>,<b>,2,1,<e>,<b>,3,5,1,<e>,<b>,3,1,<e>,<b>,3,1,<e>,<b>,3,1,<e>,<b>,3,4,1,<e>,<b>,4,1,<e>,<b>,3,1,<e>,<b>,3,1,<e>,<b>,2,1,<e>,<b>,3,1,<e>,<b>,3,1,<e>,<b>,4,1,<e>,<b>,2,1,<e>,<b>,3,1,<e>,<b>,3,2,1,<e>,<b>,3,1,<e>,<b>,3,1,<e>,<b>,2,4,1,<e>,<b>,2,1,<e>,<b>,3,1,<e>,<b>,3,1,<e>,<b>,3,1,<e>,<b>,3,1,<e>,<b>,3,1,<e>,<b>,5,1,<e>,<b>,3,1,<e>,<b>,3,1,<e>,<b>,3,1,<e>
21470,<b>,3,1,1,<e>,<b>,5,3,1,<e>,<b>,3,1,<e>,<b>,5,1,<e>,<b>,3,2,1,<e>,<b>,3,1,<e>,<b>,4,2,1,<e>,<b>,3,1,<e>,<b>,2,1,2,1,2,1,<e>,<b>,3,1,<e>,<b>,2,1,2,1,<e>,<b>,2,1,<e>,<b>,3,1,<e>,<b>,5,2,1,2,1,<e>,<b>,3,1,<e>,<b>,2,1,2,1,<e>,<b>,3,1,<e>,<b>,2,1,<e>,<b>,2,1,<e>,<b>,5,1,<e>,<b>,3,1,<e>,<b>,2,1,<e>
21439,<b>,3,1,<e>,<b>,3,1,<e>,<b>,3,1,<e>,<b>,3,1,<e>,<b>,3,1,<e>,<b>,2,1,<e>,<b>,3,1,<e>,<b>,3,1,<e>,<b>,3,1,<e>,<b>,3,1,<e>,<b>,3,1,<e>,<b>,3,1,<e>,<b>,3,1,<e>,<b>,3,1,<e>,<b>,3,1,<e>,<b>,3,1,<e>,<b>,3,1,<e>,<b>,3,1,<e>,<b>,3,1,<e>,<b>,3,1,<e>,<b>,3,1,<e>,<b>,3,1,<e>,<b>,3,1,<e>,<b>,3,1,<e>,<b>,3,1,<e>,<b>,3,1,<e>
21482,<b>,3,4,1,<e>,<b>,2,1,<e>,<b>,3,1,<e>,<b>,3,2,3,1,<e>,<b>,3,1,<e>,<b>,2,1,<e>,<b>,3,1,<e>,<b>,2,1,<e>,<b>,3,4,1,<e>,<b>,2,3,1,<e>,<b>,2,3,1,<e>,<b>,3,2,1,<e>,<b>,2,1,<e>,<b>,3,1,<e>,<b>,3,4,1,<e>,<b>,3,2,1,<e>,<b>,3,2,1,<e>,<b>,3,2,1,<e>,<b>,2,1,<e>,<b>,3,2,1,<e>,<b>,3,4,1,<e>,<b>,3,2,3,2,1,<e>,<b>,3,2,1,<e>,<b>,3,2,5,1,<e>,<b>,3,2,1,<e>,<b>,2,1,<e>,<b>,3,2,1,<e>,<b>,3,4,1,<e>
21443,<b>,3,1,<e>,<b>,3,1,<e>,<b>,3,4,1,<e>,<b>,3,4,1,<e>,<b>,3,1,<e>,<b>,2,1,2,1,<e>,<b>,3,1,<e>,<b>,3,1,<e>,<b>,3,4,1,<e>,<b>,4,1,<e>,<b>,3,4,1,<e>,<b>,3,1,<e>,<b>,4,5,1,<e>,<b>,2,1,<e>,<b>,3,4,1,<e>,<b>,3,4,1,<e>,<b>,2,1,<e>,<b>,2,1,<e>,<b>,2,1,<e>,<b>,3,4,1,<e>,<b>,3,1,<e>,<b>,2,1,<e>,<b>,2,1,<e>,<b>,3,4,1,<e>,<b>,3,4,1,<e>,<b>,4,1,<e>,<b>,5,1,<e>,<b>,3,4,1,<e>
21515,<b>,3,1,<e>,<b>,3,1,<e>,<b>,3,1,<e>,<b>,3,1,<e>,<b>,3,1,<e>,<b>,3,1,<e>,<b>,3,1,<e>,<b>,3,1,<e>,<b>,3,1,<e>,<b>,3,1,<e>,<b>,3,4,1,<e>,<b>,2,1,<e>,<b>,5,3,1,<e>,<b>,3,1,<e>,<b>,3,1,<e>,<b>,3,1,<e>,<b>,3,1,<e>,<b>,3,1,<e>,<b>,3,5,1,<e>,<b>,3,1,<e>,<b>,3,1,<e>,<b>,2,1,<e>,<b>,3,1,<e>,<b>,3,1,<e>,<b>,3,1,<e>,<b>,3,1,<e>,<b>,3,1,<e>,<b>,3,1,<e>,<b>,2,1,<e>,<b>,3,1,<e>,<b>,3,1,<e>
21524,<b>,3,1,<e>,<b>,3,4,1,<e>,<b>,5,2,1,<e>,<b>,2,1,<e>,<b>,3,4,1,<e>,<b>,3,4,1,<e>,<b>,3,1,<e>,<b>,3,1,<e>,<b>,3,4,1,<e>,<b>,3,1,<e>,<b>,3,4,1,2,1,<e>,<b>,3,1,<e>,<b>,3,1,<e>,<b>,3,4,1,<e>,<b>,2,1,<e>,<b>,2,1,2,1,5,1,<e>,<b>,3,4,1,<e>,<b>,3,4,1,<e>,<b>,3,1,<e>,<b>,3,4,1,2,1,<e>,<b>,3,1,<e>,<b>,3,4,1,<e>,<b>,3,1,<e>,<b>,3,1,2,1,<e>,<b>,3,4,1,2,1,<e>,<b>,3,4,1,<e>,<b>,3,4,1,<e>,<b>,3,1,<e>,<b>,3,1,<e>,<b>,3,4,1,2,1,<e>,<b>,2,1,5,1,2,1,<e>,<b>,3,2,1,<e>,<b>,3,1,2,1,<e>,<b>,3,1,<e>
21483,<b>,5,1,<e>,<b>,2,1,<e>,<b>,5,2,1,<e>,<b>,2,1,<e>,<b>,2,1,<e>,<b>,5,1,2,1,<e>,<b>,2,1,2,1,<e>,<b>,3,1,<e>,<b>,3,2,1,<e>,<b>,3,1,<e>,<b>,3,1,<e>,<b>,3,1,<e>,<b>,3,1,<e>,<b>,3,1,<e>,<b>,3,1,<e>,<b>,3,1,<e>,<b>,3,1,<e>,<b>,3,2,1,<e>,<b>,3,2,1,<e>,<b>,3,1,<e>,<b>,3,1,<e>,<b>,3,1,<e>
21468,<b>,5,2,1,2,1,<e>,<b>,5,2,5,1,<e>,<b>,3,1,<e>,<b>,5,3,1,<e>,<b>,5,3,1,<e>,<b>,2,1,<e>,<b>,2,5,1,<e>,<b>,5,2,1,<e>,<b>,5,2,1,<e>,<b>,2,1,<e>,<b>,3,1,<e>,<b>,5,2,1,5,1,<e>,<b>,3,2,1,<e>,<b>,2,1,<e>,<b>,3,1,<e>,<b>,2,1,<e>,<b>,5,3,1,<e>,<b>,5,1,<e>,<b>,5,2,1,<e>,<b>,5,2,1,<e>,<b>,3,1,<e>
21490,<b>,2,1,<e>,<b>,3,1,<e>,<b>,3,1,<e>,<b>,3,1,<e>,<b>,3,1,<e>,<b>,3,1,<e>,<b>,2,1,<e>,<b>,2,1,<e>,<b>,3,1,<e>,<b>,3,1,<e>,<b>,3,1,<e>,<b>,3,1,<e>,<b>,3,1,<e>,<b>,3,1,<e>,<b>,2,1,<e>,<b>,3,1,<e>,<b>,3,1,<e>,<b>,2,1,<e>,<b>,3,1,<e>,<b>,3,1,<e>,<b>,3,1,<e>,<b>,2,1,<e>,<b>,3,1,<e>,<b>,3,1,<e>,<b>,3,1,<e>,<b>,3,1,<e>,<b>,3,1,<e>,<b>,3,1,<e>,<b>,2,1,<e>,<b>,3,1,<e>,<b>,3,1,<e>,<b>,3,1,<e>,<b>,3,1,<e>,<b>,3,1,<e>,<b>,3,1,<e>,<b>,2,1,<e>,<b>,3,1,<e>,<b>,3,1,<e>,<b>,3,1,<e>,<b>,3,1,<e>
21414,<b>,5,1,<e>
21417,<b>,4,1,<e>,<b>,4,1,<e>,<b>,2,1,<e>,<b>,4,1,<e>,<b>,4,2,1,<e>,<b>,4,1,<e>,<b>,2,1,<e>,<b>,4,1,<e>,<b>,4,1,<e>,<b>,4,1,<e>,<b>,2,1,<e>,<b>,4,2,1,<e>,<b>,2,1,<e>,<b>,2,4,1,<e>,<b>,2,4,1,<e>,<b>,4,1,<e>,<b>,2,1,<e>,<b>,4,1,<e>,<b>,4,1,<e>,<b>,4,1,<e>,<b>,4,1,<e>,<b>,4,1,<e>
21448,<b>,3,1,<e>,<b>,3,1,<e>
21453,<b>,4,2,1,<e>,<b>,2,1,<e>,<b>,2,1,<e>,<b>,2,1,<e>
21402,<b>,2,1,<e>,<b>,2,1,<e>,<b>,3,2,1,<e>,<b>,2,1,<e>
21415,<b>,2,1,<e>
21457,<b>,3,5,1,<e>
21550,<b>,2,5,2,1,<e>
