23252,<b>,533945,533935,<e>,,,,,,,,,,,,,,,,,,,,,,,,,,,,,,,,,,,,,,,,,,,,,,,,,,,,,,,,,,,,,,,,,,,<b>,999999,<e>,<b>,999999,<e>,<b>,999999,<e>,<b>,999999,<e>,<b>,999999,<e>,<b>,999999,<e>,<e>
23255,<b>,533946,533946,533936,533936,<e>,<b>,999999,<e>,<b>,999999,<e>,<b>,999999,<e>,<b>,999999,<e>,<b>,999999,<e>,<b>,999999,<e>,<e>
23255,<b>,533936,533935,533946,<e>,<b>,999999,<e>,<b>,533936,533946,533935,533946,<e>,,,,,,,,,,,,,,,,,,,,,,,,,,,,,,,,,,,,,,,,,,,,,,,,,,,,,,<b>,999999,<e>,<b>,999999,<e>,<b>,999999,<e>,<b>,999999,<e>,<e>
23256,<b>,533944,533935,<e>,<b>,999999,<e>,<b>,999999,<e>,<b>,533944,533935,533935,<e>,<b>,999999,<e>,<b>,999999,<e>,<b>,999999,<e>,<e>
23256,<b>,533944,533925,533935,533935,<e>,,,,,,,,,,,,,,,,,,,,,,,,,,,,,,,,,,,,,,,,,,,,,,,,,,,,,,,,<b>,999999,<e>,<b>,999999,<e>,<b>,999999,<e>,<b>,999999,<e>,<b>,999999,<e>,<b>,999999,<e>,<e>
23259,<b>,533946,533915,533935,533946,<e>,<b>,999999,<e>,<b>,999999,<e>,<b>,999999,<e>,<b>,533946,533935,533935,<e>,<b>,999999,<e>,<b>,999999,<e>,<e>
23259,<b>,533946,533935,533935,533946,533946,<e>,<b>,999999,<e>,<b>,999999,<e>,<b>,533946,533935,533935,<e>,,,,,,,,,,,,,,,,,,,,,,,,,,,,,,,,,,,,,,,,,,,,,,,,<b>,999999,<e>,<b>,999999,<e>,<b>,999999,<e>,<e>
23260,<b>,533946,533946,533946,533935,<e>,<b>,533946,533935,533946,533946,533946,533946,<e>,<b>,533946,533946,533946,533946,533946,<e>,<b>,533946,533946,<e>,<b>,533946,533946,<e>,<b>,533946,533936,533946,<e>,<b>,533946,533946,<e>,<e>
23260,<b>,533936,533936,<e>,<b>,533946,533946,<e>,<b>,533946,533946,<e>,<b>,533946,533946,<e>,<b>,533946,533935,533946,<e>,<b>,533946,533935,533946,533946,<e>,<b>,533946,533946,<e>,,<e>
23253,<b>,533935,533935,533935,533935,<e>,<b>,533935,533935,<e>,<b>,999999,<e>,<b>,999999,<e>,<b>,999999,<e>,<b>,999999,<e>,<b>,999999,<e>,<e>
23253,<b>,533935,533935,<e>,<b>,533935,533935,533946,533935,533935,<e>,,,,,,,,,,,,,,,,,,,,,,,,,,,,,,,,,,,,,,,,,,,,,,,,,,<b>,999999,<e>,<b>,999999,<e>,<b>,999999,<e>,<b>,999999,<e>,<b>,999999,<e>,<e>
23254,<b>,533945,533936,<e>,<b>,533945,533935,<e>,<b>,999999,<e>,<b>,999999,<e>,<b>,999999,<e>,<b>,999999,<e>,<b>,999999,<e>,<e>
23254,<b>,533945,533935,<e>,<b>,533945,533935,<e>,,,,,,,,,,,,,,,,,,,,,,,,,,,,,,,,,,,,,,,,,,,,,,,,,,,,,,,<b>,999999,<e>,<b>,999999,<e>,<b>,999999,<e>,<b>,999999,<e>,<b>,999999,<e>,<e>
23257,<b>,533955,533945,533935,533955,<e>,<b>,999999,<e>,<b>,999999,<e>,<b>,999999,<e>,<b>,999999,<e>,<b>,999999,<e>,<b>,999999,<e>,<e>
23257,<b>,533955,533935,<e>,<b>,999999,<e>,<b>,533955,533945,533955,<e>,,,,,,,,,,,,,,,,,,,,,,,,,,,,,,,,,,,,,,,,,,,,,,,,,,,,,,,,<b>,999999,<e>,<b>,999999,<e>,<b>,999999,<e>,<b>,999999,<e>,<e>
